-- phpMyAdmin SQL Dump
-- version 5.2.1
-- https://www.phpmyadmin.net/
--
-- Host: 127.0.0.1
-- Generation Time: Nov 13, 2025 at 07:09 PM
-- Server version: 10.4.32-MariaDB
-- PHP Version: 8.2.12

SET SQL_MODE = "NO_AUTO_VALUE_ON_ZERO";
START TRANSACTION;
SET time_zone = "+00:00";


/*!40101 SET @OLD_CHARACTER_SET_CLIENT=@@CHARACTER_SET_CLIENT */;
/*!40101 SET @OLD_CHARACTER_SET_RESULTS=@@CHARACTER_SET_RESULTS */;
/*!40101 SET @OLD_COLLATION_CONNECTION=@@COLLATION_CONNECTION */;
/*!40101 SET NAMES utf8mb4 */;

--
-- Database: `student_performance`
--

-- --------------------------------------------------------

--
-- Table structure for table `student`
--

CREATE TABLE `student` (
  `student_id` varchar(10) NOT NULL,
  `age` int(11) DEFAULT NULL,
  `gender` varchar(10) DEFAULT NULL
) ENGINE=InnoDB DEFAULT CHARSET=utf8mb4 COLLATE=utf8mb4_general_ci;

--
-- Dumping data for table `student`
--

INSERT INTO `student` (`student_id`, `age`, `gender`) VALUES
('S1000', 23, 'Female'),
('S1001', 20, 'Female'),
('S1002', 21, 'Male'),
('S1003', 23, 'Female'),
('S1004', 19, 'Female'),
('S1005', 24, 'Male'),
('S1006', 21, 'Female'),
('S1007', 21, 'Female'),
('S1008', 23, 'Female'),
('S1009', 18, 'Female'),
('S1010', 19, 'Female'),
('S1011', 23, 'Male'),
('S1012', 19, 'Female'),
('S1013', 19, 'Female'),
('S1014', 24, 'Male'),
('S1015', 21, 'Male'),
('S1016', 20, 'Male'),
('S1017', 24, 'Female'),
('S1018', 24, 'Other'),
('S1019', 19, 'Male'),
('S1020', 22, 'Female'),
('S1021', 21, 'Male'),
('S1022', 18, 'Other'),
('S1023', 24, 'Female'),
('S1024', 20, 'Female'),
('S1025', 22, 'Male'),
('S1026', 22, 'Male'),
('S1027', 18, 'Male'),
('S1028', 24, 'Male'),
('S1029', 20, 'Female'),
('S1030', 21, 'Female'),
('S1031', 17, 'Other'),
('S1032', 20, 'Other'),
('S1033', 18, 'Female'),
('S1034', 22, 'Female'),
('S1035', 21, 'Female'),
('S1036', 20, 'Female'),
('S1037', 17, 'Male'),
('S1038', 17, 'Male'),
('S1039', 19, 'Male'),
('S1040', 19, 'Female'),
('S1041', 23, 'Female'),
('S1042', 18, 'Male'),
('S1043', 24, 'Female'),
('S1044', 20, 'Female'),
('S1045', 20, 'Male'),
('S1046', 24, 'Male'),
('S1047', 23, 'Female'),
('S1048', 22, 'Female'),
('S1049', 22, 'Female'),
('S1050', 23, 'Female'),
('S1051', 22, 'Female'),
('S1052', 19, 'Female'),
('S1053', 20, 'Female'),
('S1054', 23, 'Female'),
('S1055', 20, 'Male'),
('S1056', 24, 'Male'),
('S1057', 17, 'Male'),
('S1058', 19, 'Female'),
('S1059', 21, 'Female'),
('S1060', 19, 'Female'),
('S1061', 23, 'Male'),
('S1062', 21, 'Male'),
('S1063', 17, 'Male'),
('S1064', 23, 'Male'),
('S1065', 18, 'Female'),
('S1066', 20, 'Male'),
('S1067', 17, 'Male'),
('S1068', 20, 'Female'),
('S1069', 22, 'Male'),
('S1070', 18, 'Female'),
('S1071', 18, 'Female'),
('S1072', 17, 'Male'),
('S1073', 18, 'Female'),
('S1074', 21, 'Female'),
('S1075', 18, 'Female'),
('S1076', 20, 'Male'),
('S1077', 20, 'Female'),
('S1078', 23, 'Female'),
('S1079', 20, 'Male'),
('S1080', 23, 'Male'),
('S1081', 20, 'Other'),
('S1082', 21, 'Female'),
('S1083', 24, 'Male'),
('S1084', 23, 'Female'),
('S1085', 19, 'Male'),
('S1086', 22, 'Male'),
('S1087', 17, 'Male'),
('S1088', 20, 'Male'),
('S1089', 18, 'Male'),
('S1090', 24, 'Male'),
('S1091', 20, 'Female'),
('S1092', 18, 'Male'),
('S1093', 22, 'Male'),
('S1094', 22, 'Female'),
('S1095', 22, 'Male'),
('S1096', 18, 'Female'),
('S1097', 20, 'Male'),
('S1098', 22, 'Male'),
('S1099', 21, 'Male'),
('S1100', 23, 'Male'),
('S1101', 18, 'Male'),
('S1102', 18, 'Male'),
('S1103', 20, 'Male'),
('S1104', 18, 'Male'),
('S1105', 18, 'Male'),
('S1106', 22, 'Male'),
('S1107', 20, 'Male'),
('S1108', 22, 'Female'),
('S1109', 23, 'Female'),
('S1110', 24, 'Male'),
('S1111', 23, 'Female'),
('S1112', 24, 'Female'),
('S1113', 22, 'Male'),
('S1114', 23, 'Female'),
('S1115', 20, 'Female'),
('S1116', 17, 'Male'),
('S1117', 22, 'Male'),
('S1118', 24, 'Female'),
('S1119', 21, 'Female'),
('S1120', 24, 'Male'),
('S1121', 21, 'Male'),
('S1122', 18, 'Male'),
('S1123', 23, 'Female'),
('S1124', 21, 'Female'),
('S1125', 24, 'Male'),
('S1126', 18, 'Male'),
('S1127', 17, 'Female'),
('S1128', 20, 'Male'),
('S1129', 20, 'Male'),
('S1130', 20, 'Female'),
('S1131', 21, 'Female'),
('S1132', 17, 'Female'),
('S1133', 21, 'Female'),
('S1134', 23, 'Male'),
('S1135', 21, 'Male'),
('S1136', 17, 'Female'),
('S1137', 17, 'Male'),
('S1138', 23, 'Male'),
('S1139', 17, 'Male'),
('S1140', 24, 'Male'),
('S1141', 17, 'Male'),
('S1142', 20, 'Male'),
('S1143', 24, 'Male'),
('S1144', 24, 'Male'),
('S1145', 23, 'Female'),
('S1146', 19, 'Female'),
('S1147', 19, 'Female'),
('S1148', 17, 'Female'),
('S1149', 24, 'Female'),
('S1150', 19, 'Male'),
('S1151', 19, 'Female'),
('S1152', 17, 'Female'),
('S1153', 19, 'Female'),
('S1154', 21, 'Male'),
('S1155', 18, 'Male'),
('S1156', 23, 'Male'),
('S1157', 18, 'Male'),
('S1158', 17, 'Female'),
('S1159', 20, 'Female'),
('S1160', 23, 'Male'),
('S1161', 17, 'Other'),
('S1162', 24, 'Female'),
('S1163', 20, 'Male'),
('S1164', 18, 'Male'),
('S1165', 17, 'Male'),
('S1166', 24, 'Male'),
('S1167', 23, 'Male'),
('S1168', 23, 'Male'),
('S1169', 22, 'Male'),
('S1170', 24, 'Male'),
('S1171', 21, 'Female'),
('S1172', 19, 'Male'),
('S1173', 20, 'Female'),
('S1174', 24, 'Male'),
('S1175', 22, 'Other'),
('S1176', 19, 'Male'),
('S1177', 19, 'Male'),
('S1178', 17, 'Other'),
('S1179', 19, 'Female'),
('S1180', 21, 'Female'),
('S1181', 23, 'Male'),
('S1182', 22, 'Male'),
('S1183', 19, 'Female'),
('S1184', 17, 'Female'),
('S1185', 21, 'Female'),
('S1186', 18, 'Female'),
('S1187', 23, 'Male'),
('S1188', 23, 'Female'),
('S1189', 22, 'Male'),
('S1190', 23, 'Male'),
('S1191', 19, 'Male'),
('S1192', 17, 'Female'),
('S1193', 23, 'Male'),
('S1194', 23, 'Male'),
('S1195', 18, 'Female'),
('S1196', 18, 'Male'),
('S1197', 20, 'Female'),
('S1198', 21, 'Male'),
('S1199', 19, 'Female'),
('S1200', 23, 'Female'),
('S1201', 24, 'Male'),
('S1202', 23, 'Male'),
('S1203', 17, 'Male'),
('S1204', 20, 'Male'),
('S1205', 21, 'Other'),
('S1206', 24, 'Male'),
('S1207', 20, 'Female'),
('S1208', 22, 'Male'),
('S1209', 21, 'Female'),
('S1210', 23, 'Female'),
('S1211', 23, 'Female'),
('S1212', 21, 'Male'),
('S1213', 23, 'Male'),
('S1214', 19, 'Male'),
('S1215', 21, 'Female'),
('S1216', 20, 'Female'),
('S1217', 21, 'Other'),
('S1218', 24, 'Male'),
('S1219', 23, 'Female'),
('S1220', 19, 'Female'),
('S1221', 19, 'Male'),
('S1222', 22, 'Male'),
('S1223', 20, 'Female'),
('S1224', 18, 'Female'),
('S1225', 18, 'Female'),
('S1226', 21, 'Male'),
('S1227', 22, 'Female'),
('S1228', 17, 'Male'),
('S1229', 21, 'Male'),
('S1230', 22, 'Male'),
('S1231', 20, 'Female'),
('S1232', 20, 'Female'),
('S1233', 20, 'Female'),
('S1234', 20, 'Male'),
('S1235', 20, 'Female'),
('S1236', 22, 'Male'),
('S1237', 22, 'Female'),
('S1238', 19, 'Male'),
('S1239', 24, 'Male'),
('S1240', 18, 'Male'),
('S1241', 23, 'Male'),
('S1242', 20, 'Female'),
('S1243', 17, 'Female'),
('S1244', 23, 'Male'),
('S1245', 22, 'Female'),
('S1246', 17, 'Male'),
('S1247', 17, 'Female'),
('S1248', 17, 'Female'),
('S1249', 19, 'Female'),
('S1250', 22, 'Male'),
('S1251', 17, 'Female'),
('S1252', 20, 'Female'),
('S1253', 21, 'Male'),
('S1254', 17, 'Male'),
('S1255', 19, 'Female'),
('S1256', 23, 'Female'),
('S1257', 22, 'Female'),
('S1258', 24, 'Female'),
('S1259', 19, 'Female'),
('S1260', 17, 'Male'),
('S1261', 22, 'Male'),
('S1262', 21, 'Male'),
('S1263', 17, 'Female'),
('S1264', 19, 'Male'),
('S1265', 18, 'Female'),
('S1266', 20, 'Female'),
('S1267', 24, 'Female'),
('S1268', 23, 'Male'),
('S1269', 19, 'Female'),
('S1270', 22, 'Male'),
('S1271', 24, 'Female'),
('S1272', 24, 'Male'),
('S1273', 24, 'Male'),
('S1274', 17, 'Female'),
('S1275', 20, 'Male'),
('S1276', 17, 'Male'),
('S1277', 22, 'Female'),
('S1278', 17, 'Female'),
('S1279', 18, 'Female'),
('S1280', 20, 'Female'),
('S1281', 20, 'Female'),
('S1282', 22, 'Male'),
('S1283', 23, 'Male'),
('S1284', 18, 'Male'),
('S1285', 19, 'Female'),
('S1286', 17, 'Female'),
('S1287', 21, 'Male'),
('S1288', 17, 'Male'),
('S1289', 24, 'Female'),
('S1290', 17, 'Male'),
('S1291', 19, 'Female'),
('S1292', 17, 'Female'),
('S1293', 18, 'Female'),
('S1294', 18, 'Male'),
('S1295', 20, 'Female'),
('S1296', 22, 'Female'),
('S1297', 23, 'Female'),
('S1298', 21, 'Female'),
('S1299', 24, 'Female'),
('S1300', 17, 'Female'),
('S1301', 17, 'Male'),
('S1302', 19, 'Female'),
('S1303', 22, 'Female'),
('S1304', 18, 'Male'),
('S1305', 21, 'Female'),
('S1306', 20, 'Female'),
('S1307', 18, 'Female'),
('S1308', 24, 'Male'),
('S1309', 22, 'Male'),
('S1310', 24, 'Other'),
('S1311', 23, 'Female'),
('S1312', 20, 'Male'),
('S1313', 23, 'Female'),
('S1314', 19, 'Female'),
('S1315', 24, 'Female'),
('S1316', 19, 'Female'),
('S1317', 17, 'Male'),
('S1318', 23, 'Male'),
('S1319', 22, 'Male'),
('S1320', 24, 'Female'),
('S1321', 21, 'Male'),
('S1322', 20, 'Male'),
('S1323', 18, 'Male'),
('S1324', 22, 'Female'),
('S1325', 22, 'Female'),
('S1326', 19, 'Male'),
('S1327', 23, 'Male'),
('S1328', 24, 'Female'),
('S1329', 24, 'Male'),
('S1330', 17, 'Male'),
('S1331', 17, 'Male'),
('S1332', 20, 'Male'),
('S1333', 19, 'Male'),
('S1334', 22, 'Female'),
('S1335', 24, 'Male'),
('S1336', 21, 'Female'),
('S1337', 19, 'Male'),
('S1338', 20, 'Female'),
('S1339', 20, 'Female'),
('S1340', 19, 'Male'),
('S1341', 20, 'Female'),
('S1342', 19, 'Male'),
('S1343', 18, 'Other'),
('S1344', 19, 'Male'),
('S1345', 23, 'Male'),
('S1346', 19, 'Male'),
('S1347', 20, 'Other'),
('S1348', 24, 'Female'),
('S1349', 23, 'Female'),
('S1350', 20, 'Male'),
('S1351', 17, 'Female'),
('S1352', 17, 'Male'),
('S1353', 24, 'Female'),
('S1354', 24, 'Male'),
('S1355', 23, 'Male'),
('S1356', 18, 'Male'),
('S1357', 24, 'Male'),
('S1358', 17, 'Female'),
('S1359', 19, 'Male'),
('S1360', 20, 'Female'),
('S1361', 17, 'Male'),
('S1362', 17, 'Female'),
('S1363', 18, 'Male'),
('S1364', 23, 'Male'),
('S1365', 23, 'Female'),
('S1366', 22, 'Male'),
('S1367', 18, 'Male'),
('S1368', 19, 'Female'),
('S1369', 23, 'Female'),
('S1370', 20, 'Male'),
('S1371', 24, 'Male'),
('S1372', 18, 'Female'),
('S1373', 24, 'Male'),
('S1374', 17, 'Male'),
('S1375', 20, 'Male'),
('S1376', 20, 'Female'),
('S1377', 17, 'Female'),
('S1378', 18, 'Male'),
('S1379', 17, 'Male'),
('S1380', 24, 'Male'),
('S1381', 22, 'Female'),
('S1382', 20, 'Male'),
('S1383', 21, 'Male'),
('S1384', 21, 'Female'),
('S1385', 24, 'Male'),
('S1386', 19, 'Female'),
('S1387', 23, 'Male'),
('S1388', 17, 'Male'),
('S1389', 17, 'Male'),
('S1390', 19, 'Female'),
('S1391', 19, 'Female'),
('S1392', 24, 'Female'),
('S1393', 24, 'Male'),
('S1394', 19, 'Female'),
('S1395', 20, 'Male'),
('S1396', 24, 'Male'),
('S1397', 22, 'Female'),
('S1398', 24, 'Male'),
('S1399', 17, 'Male'),
('S1400', 24, 'Male'),
('S1401', 20, 'Male'),
('S1402', 19, 'Male'),
('S1403', 17, 'Female'),
('S1404', 24, 'Male'),
('S1405', 20, 'Female'),
('S1406', 22, 'Female'),
('S1407', 24, 'Male'),
('S1408', 20, 'Male'),
('S1409', 22, 'Male'),
('S1410', 19, 'Female'),
('S1411', 24, 'Male'),
('S1412', 22, 'Female'),
('S1413', 17, 'Male'),
('S1414', 19, 'Female'),
('S1415', 17, 'Male'),
('S1416', 21, 'Male'),
('S1417', 18, 'Female'),
('S1418', 24, 'Female'),
('S1419', 22, 'Male'),
('S1420', 18, 'Female'),
('S1421', 18, 'Female'),
('S1422', 22, 'Female'),
('S1423', 19, 'Female'),
('S1424', 24, 'Male'),
('S1425', 21, 'Male'),
('S1426', 17, 'Male'),
('S1427', 20, 'Female'),
('S1428', 17, 'Female'),
('S1429', 20, 'Male'),
('S1430', 17, 'Male'),
('S1431', 22, 'Female'),
('S1432', 21, 'Other'),
('S1433', 24, 'Female'),
('S1434', 20, 'Male'),
('S1435', 24, 'Male'),
('S1436', 24, 'Male'),
('S1437', 24, 'Female'),
('S1438', 23, 'Male'),
('S1439', 19, 'Female'),
('S1440', 17, 'Male'),
('S1441', 24, 'Female'),
('S1442', 17, 'Female'),
('S1443', 24, 'Female'),
('S1444', 20, 'Male'),
('S1445', 19, 'Male'),
('S1446', 19, 'Male'),
('S1447', 22, 'Female'),
('S1448', 23, 'Female'),
('S1449', 22, 'Female'),
('S1450', 22, 'Female'),
('S1451', 22, 'Female'),
('S1452', 22, 'Male'),
('S1453', 22, 'Female'),
('S1454', 21, 'Male'),
('S1455', 19, 'Male'),
('S1456', 22, 'Female'),
('S1457', 24, 'Male'),
('S1458', 19, 'Male'),
('S1459', 19, 'Female'),
('S1460', 18, 'Male'),
('S1461', 21, 'Female'),
('S1462', 22, 'Male'),
('S1463', 17, 'Male'),
('S1464', 20, 'Male'),
('S1465', 23, 'Male'),
('S1466', 24, 'Female'),
('S1467', 17, 'Male'),
('S1468', 21, 'Female'),
('S1469', 20, 'Male'),
('S1470', 21, 'Female'),
('S1471', 24, 'Female'),
('S1472', 19, 'Female'),
('S1473', 20, 'Male'),
('S1474', 19, 'Male'),
('S1475', 24, 'Male'),
('S1476', 17, 'Female'),
('S1477', 24, 'Male'),
('S1478', 17, 'Female'),
('S1479', 20, 'Female'),
('S1480', 20, 'Male'),
('S1481', 22, 'Female'),
('S1482', 21, 'Male'),
('S1483', 22, 'Male'),
('S1484', 21, 'Female'),
('S1485', 22, 'Female'),
('S1486', 19, 'Female'),
('S1487', 20, 'Male'),
('S1488', 17, 'Male'),
('S1489', 21, 'Female'),
('S1490', 24, 'Female'),
('S1491', 21, 'Female'),
('S1492', 17, 'Male'),
('S1493', 22, 'Female'),
('S1494', 21, 'Male'),
('S1495', 23, 'Male'),
('S1496', 19, 'Female'),
('S1497', 20, 'Male'),
('S1498', 17, 'Female'),
('S1499', 20, 'Male'),
('S1500', 23, 'Male'),
('S1501', 21, 'Female'),
('S1502', 21, 'Female'),
('S1503', 24, 'Female'),
('S1504', 23, 'Female'),
('S1505', 17, 'Female'),
('S1506', 24, 'Female'),
('S1507', 19, 'Female'),
('S1508', 24, 'Male'),
('S1509', 18, 'Female'),
('S1510', 17, 'Male'),
('S1511', 18, 'Other'),
('S1512', 23, 'Female'),
('S1513', 22, 'Male'),
('S1514', 18, 'Female'),
('S1515', 19, 'Female'),
('S1516', 24, 'Male'),
('S1517', 22, 'Female'),
('S1518', 24, 'Female'),
('S1519', 18, 'Male'),
('S1520', 24, 'Female'),
('S1521', 23, 'Male'),
('S1522', 22, 'Female'),
('S1523', 23, 'Other'),
('S1524', 18, 'Female'),
('S1525', 23, 'Male'),
('S1526', 19, 'Female'),
('S1527', 18, 'Female'),
('S1528', 18, 'Male'),
('S1529', 18, 'Female'),
('S1530', 17, 'Male'),
('S1531', 24, 'Female'),
('S1532', 17, 'Male'),
('S1533', 17, 'Male'),
('S1534', 19, 'Male'),
('S1535', 22, 'Female'),
('S1536', 24, 'Male'),
('S1537', 23, 'Female'),
('S1538', 21, 'Male'),
('S1539', 18, 'Male'),
('S1540', 23, 'Female'),
('S1541', 18, 'Female'),
('S1542', 19, 'Male'),
('S1543', 18, 'Female'),
('S1544', 17, 'Female'),
('S1545', 24, 'Female'),
('S1546', 21, 'Male'),
('S1547', 20, 'Male'),
('S1548', 18, 'Female'),
('S1549', 23, 'Male'),
('S1550', 17, 'Female'),
('S1551', 20, 'Female'),
('S1552', 21, 'Female'),
('S1553', 20, 'Female'),
('S1554', 17, 'Other'),
('S1555', 24, 'Male'),
('S1556', 24, 'Female'),
('S1557', 22, 'Male'),
('S1558', 24, 'Male'),
('S1559', 22, 'Female'),
('S1560', 20, 'Female'),
('S1561', 19, 'Other'),
('S1562', 23, 'Female'),
('S1563', 23, 'Male'),
('S1564', 20, 'Male'),
('S1565', 18, 'Female'),
('S1566', 18, 'Male'),
('S1567', 24, 'Male'),
('S1568', 23, 'Male'),
('S1569', 23, 'Male'),
('S1570', 22, 'Male'),
('S1571', 19, 'Male'),
('S1572', 17, 'Male'),
('S1573', 18, 'Male'),
('S1574', 23, 'Other'),
('S1575', 22, 'Male'),
('S1576', 21, 'Male'),
('S1577', 22, 'Female'),
('S1578', 18, 'Male'),
('S1579', 18, 'Female'),
('S1580', 22, 'Female'),
('S1581', 17, 'Male'),
('S1582', 20, 'Male'),
('S1583', 18, 'Female'),
('S1584', 22, 'Female'),
('S1585', 23, 'Male'),
('S1586', 22, 'Female'),
('S1587', 19, 'Male'),
('S1588', 20, 'Other'),
('S1589', 21, 'Male'),
('S1590', 17, 'Female'),
('S1591', 24, 'Female'),
('S1592', 21, 'Female'),
('S1593', 20, 'Female'),
('S1594', 20, 'Male'),
('S1595', 20, 'Male'),
('S1596', 21, 'Male'),
('S1597', 23, 'Male'),
('S1598', 20, 'Female'),
('S1599', 22, 'Male'),
('S1600', 21, 'Male'),
('S1601', 24, 'Other'),
('S1602', 20, 'Female'),
('S1603', 22, 'Female'),
('S1604', 23, 'Other'),
('S1605', 19, 'Male'),
('S1606', 23, 'Male'),
('S1607', 24, 'Female'),
('S1608', 20, 'Female'),
('S1609', 24, 'Male'),
('S1610', 21, 'Female'),
('S1611', 18, 'Male'),
('S1612', 20, 'Male'),
('S1613', 18, 'Female'),
('S1614', 22, 'Female'),
('S1615', 19, 'Female'),
('S1616', 17, 'Male'),
('S1617', 24, 'Female'),
('S1618', 23, 'Male'),
('S1619', 19, 'Male'),
('S1620', 20, 'Female'),
('S1621', 18, 'Female'),
('S1622', 23, 'Female'),
('S1623', 18, 'Female'),
('S1624', 21, 'Female'),
('S1625', 18, 'Female'),
('S1626', 21, 'Male'),
('S1627', 22, 'Male'),
('S1628', 23, 'Male'),
('S1629', 23, 'Male'),
('S1630', 17, 'Female'),
('S1631', 20, 'Female'),
('S1632', 21, 'Male'),
('S1633', 17, 'Male'),
('S1634', 18, 'Female'),
('S1635', 18, 'Male'),
('S1636', 17, 'Female'),
('S1637', 23, 'Female'),
('S1638', 18, 'Female'),
('S1639', 24, 'Female'),
('S1640', 22, 'Female'),
('S1641', 22, 'Male'),
('S1642', 24, 'Female'),
('S1643', 17, 'Female'),
('S1644', 24, 'Male'),
('S1645', 21, 'Female'),
('S1646', 21, 'Female'),
('S1647', 17, 'Female'),
('S1648', 24, 'Female'),
('S1649', 21, 'Female'),
('S1650', 23, 'Female'),
('S1651', 24, 'Female'),
('S1652', 23, 'Female'),
('S1653', 21, 'Female'),
('S1654', 22, 'Female'),
('S1655', 21, 'Female'),
('S1656', 23, 'Male'),
('S1657', 19, 'Female'),
('S1658', 20, 'Female'),
('S1659', 18, 'Male'),
('S1660', 24, 'Female'),
('S1661', 19, 'Male'),
('S1662', 21, 'Male'),
('S1663', 22, 'Female'),
('S1664', 17, 'Male'),
('S1665', 21, 'Female'),
('S1666', 22, 'Female'),
('S1667', 20, 'Female'),
('S1668', 21, 'Male'),
('S1669', 23, 'Male'),
('S1670', 17, 'Female'),
('S1671', 22, 'Other'),
('S1672', 22, 'Female'),
('S1673', 22, 'Male'),
('S1674', 20, 'Female'),
('S1675', 21, 'Female'),
('S1676', 20, 'Female'),
('S1677', 24, 'Male'),
('S1678', 18, 'Female'),
('S1679', 18, 'Female'),
('S1680', 24, 'Other'),
('S1681', 21, 'Male'),
('S1682', 23, 'Female'),
('S1683', 20, 'Female'),
('S1684', 17, 'Male'),
('S1685', 22, 'Female'),
('S1686', 22, 'Female'),
('S1687', 21, 'Male'),
('S1688', 23, 'Male'),
('S1689', 18, 'Female'),
('S1690', 18, 'Male'),
('S1691', 22, 'Female'),
('S1692', 21, 'Male'),
('S1693', 20, 'Female'),
('S1694', 18, 'Male'),
('S1695', 20, 'Female'),
('S1696', 23, 'Other'),
('S1697', 18, 'Other'),
('S1698', 18, 'Female'),
('S1699', 19, 'Male'),
('S1700', 18, 'Female'),
('S1701', 24, 'Male'),
('S1702', 17, 'Male'),
('S1703', 24, 'Male'),
('S1704', 21, 'Female'),
('S1705', 21, 'Female'),
('S1706', 20, 'Female'),
('S1707', 24, 'Male'),
('S1708', 24, 'Male'),
('S1709', 24, 'Other'),
('S1710', 23, 'Male'),
('S1711', 18, 'Male'),
('S1712', 17, 'Male'),
('S1713', 20, 'Female'),
('S1714', 24, 'Female'),
('S1715', 24, 'Male'),
('S1716', 19, 'Male'),
('S1717', 20, 'Female'),
('S1718', 24, 'Female'),
('S1719', 20, 'Male'),
('S1720', 18, 'Female'),
('S1721', 19, 'Male'),
('S1722', 20, 'Male'),
('S1723', 17, 'Female'),
('S1724', 17, 'Male'),
('S1725', 21, 'Female'),
('S1726', 19, 'Male'),
('S1727', 19, 'Male'),
('S1728', 21, 'Other'),
('S1729', 20, 'Male'),
('S1730', 19, 'Female'),
('S1731', 17, 'Male'),
('S1732', 17, 'Male'),
('S1733', 24, 'Male'),
('S1734', 18, 'Female'),
('S1735', 19, 'Male'),
('S1736', 20, 'Female'),
('S1737', 21, 'Male'),
('S1738', 21, 'Other'),
('S1739', 20, 'Male'),
('S1740', 23, 'Female'),
('S1741', 22, 'Female'),
('S1742', 18, 'Female'),
('S1743', 21, 'Female'),
('S1744', 19, 'Female'),
('S1745', 18, 'Female'),
('S1746', 19, 'Male'),
('S1747', 23, 'Male'),
('S1748', 17, 'Female'),
('S1749', 18, 'Female'),
('S1750', 24, 'Female'),
('S1751', 21, 'Female'),
('S1752', 18, 'Male'),
('S1753', 18, 'Male'),
('S1754', 18, 'Female'),
('S1755', 22, 'Male'),
('S1756', 18, 'Male'),
('S1757', 19, 'Female'),
('S1758', 17, 'Male'),
('S1759', 23, 'Female'),
('S1760', 20, 'Male'),
('S1761', 18, 'Female'),
('S1762', 21, 'Male'),
('S1763', 18, 'Male'),
('S1764', 21, 'Male'),
('S1765', 19, 'Male'),
('S1766', 21, 'Male'),
('S1767', 24, 'Male'),
('S1768', 20, 'Female'),
('S1769', 17, 'Male'),
('S1770', 21, 'Female'),
('S1771', 21, 'Female'),
('S1772', 17, 'Female'),
('S1773', 20, 'Male'),
('S1774', 18, 'Female'),
('S1775', 21, 'Male'),
('S1776', 17, 'Male'),
('S1777', 24, 'Other'),
('S1778', 24, 'Male'),
('S1779', 19, 'Female'),
('S1780', 17, 'Female'),
('S1781', 19, 'Female'),
('S1782', 24, 'Female'),
('S1783', 20, 'Male'),
('S1784', 18, 'Male'),
('S1785', 17, 'Female'),
('S1786', 23, 'Male'),
('S1787', 24, 'Male'),
('S1788', 24, 'Male'),
('S1789', 23, 'Male'),
('S1790', 22, 'Male'),
('S1791', 24, 'Male'),
('S1792', 21, 'Female'),
('S1793', 20, 'Female'),
('S1794', 17, 'Female'),
('S1795', 23, 'Male'),
('S1796', 21, 'Male'),
('S1797', 23, 'Male'),
('S1798', 17, 'Female'),
('S1799', 19, 'Female'),
('S1800', 17, 'Male'),
('S1801', 22, 'Female'),
('S1802', 17, 'Male'),
('S1803', 17, 'Female'),
('S1804', 22, 'Female'),
('S1805', 20, 'Female'),
('S1806', 24, 'Female'),
('S1807', 17, 'Female'),
('S1808', 22, 'Male'),
('S1809', 21, 'Female'),
('S1810', 19, 'Male'),
('S1811', 19, 'Female'),
('S1812', 17, 'Female'),
('S1813', 20, 'Female'),
('S1814', 20, 'Male'),
('S1815', 21, 'Female'),
('S1816', 17, 'Female'),
('S1817', 19, 'Female'),
('S1818', 20, 'Male'),
('S1819', 17, 'Male'),
('S1820', 23, 'Male'),
('S1821', 20, 'Male'),
('S1822', 22, 'Female'),
('S1823', 23, 'Male'),
('S1824', 24, 'Other'),
('S1825', 20, 'Male'),
('S1826', 19, 'Male'),
('S1827', 18, 'Female'),
('S1828', 23, 'Female'),
('S1829', 24, 'Female'),
('S1830', 21, 'Female'),
('S1831', 21, 'Female'),
('S1832', 19, 'Male'),
('S1833', 20, 'Other'),
('S1834', 17, 'Other'),
('S1835', 20, 'Female'),
('S1836', 19, 'Male'),
('S1837', 21, 'Female'),
('S1838', 20, 'Male'),
('S1839', 21, 'Male'),
('S1840', 23, 'Male'),
('S1841', 24, 'Male'),
('S1842', 17, 'Female'),
('S1843', 23, 'Female'),
('S1844', 21, 'Female'),
('S1845', 21, 'Male'),
('S1846', 18, 'Male'),
('S1847', 18, 'Male'),
('S1848', 23, 'Other'),
('S1849', 22, 'Male'),
('S1850', 23, 'Female'),
('S1851', 18, 'Female'),
('S1852', 21, 'Male'),
('S1853', 19, 'Female'),
('S1854', 23, 'Female'),
('S1855', 21, 'Female'),
('S1856', 19, 'Female'),
('S1857', 19, 'Male'),
('S1858', 18, 'Male'),
('S1859', 23, 'Female'),
('S1860', 20, 'Female'),
('S1861', 17, 'Male'),
('S1862', 18, 'Female'),
('S1863', 18, 'Female'),
('S1864', 20, 'Female'),
('S1865', 17, 'Male'),
('S1866', 21, 'Female'),
('S1867', 22, 'Female'),
('S1868', 23, 'Male'),
('S1869', 22, 'Male'),
('S1870', 21, 'Other'),
('S1871', 24, 'Male'),
('S1872', 18, 'Female'),
('S1873', 17, 'Female'),
('S1874', 18, 'Male'),
('S1875', 19, 'Female'),
('S1876', 18, 'Male'),
('S1877', 18, 'Female'),
('S1878', 21, 'Male'),
('S1879', 21, 'Female'),
('S1880', 21, 'Male'),
('S1881', 22, 'Male'),
('S1882', 19, 'Other'),
('S1883', 24, 'Male'),
('S1884', 24, 'Female'),
('S1885', 21, 'Male'),
('S1886', 17, 'Female'),
('S1887', 22, 'Male'),
('S1888', 20, 'Other'),
('S1889', 17, 'Male'),
('S1890', 23, 'Male'),
('S1891', 23, 'Male'),
('S1892', 17, 'Male'),
('S1893', 21, 'Female'),
('S1894', 20, 'Male'),
('S1895', 20, 'Female'),
('S1896', 22, 'Male'),
('S1897', 20, 'Male'),
('S1898', 23, 'Female'),
('S1899', 19, 'Female'),
('S1900', 21, 'Male'),
('S1901', 20, 'Male'),
('S1902', 22, 'Male'),
('S1903', 23, 'Female'),
('S1904', 19, 'Female'),
('S1905', 18, 'Male'),
('S1906', 18, 'Female'),
('S1907', 19, 'Female'),
('S1908', 23, 'Female'),
('S1909', 22, 'Female'),
('S1910', 19, 'Male'),
('S1911', 21, 'Male'),
('S1912', 21, 'Male'),
('S1913', 18, 'Male'),
('S1914', 20, 'Female'),
('S1915', 22, 'Female'),
('S1916', 18, 'Male'),
('S1917', 20, 'Male'),
('S1918', 20, 'Male'),
('S1919', 24, 'Female'),
('S1920', 21, 'Male'),
('S1921', 23, 'Female'),
('S1922', 17, 'Male'),
('S1923', 23, 'Male'),
('S1924', 17, 'Other'),
('S1925', 19, 'Other'),
('S1926', 21, 'Male'),
('S1927', 20, 'Female'),
('S1928', 22, 'Female'),
('S1929', 17, 'Female'),
('S1930', 23, 'Male'),
('S1931', 20, 'Female'),
('S1932', 17, 'Female'),
('S1933', 17, 'Female'),
('S1934', 24, 'Male'),
('S1935', 17, 'Male'),
('S1936', 22, 'Male'),
('S1937', 21, 'Female'),
('S1938', 22, 'Male'),
('S1939', 18, 'Female'),
('S1940', 20, 'Other'),
('S1941', 21, 'Male'),
('S1942', 24, 'Female'),
('S1943', 21, 'Male'),
('S1944', 21, 'Female'),
('S1945', 23, 'Male'),
('S1946', 21, 'Female'),
('S1947', 24, 'Female'),
('S1948', 22, 'Female'),
('S1949', 21, 'Female'),
('S1950', 19, 'Female'),
('S1951', 20, 'Female'),
('S1952', 21, 'Female'),
('S1953', 20, 'Female'),
('S1954', 19, 'Male'),
('S1955', 19, 'Female'),
('S1956', 20, 'Female'),
('S1957', 17, 'Female'),
('S1958', 18, 'Male'),
('S1959', 23, 'Female'),
('S1960', 17, 'Male'),
('S1961', 17, 'Female'),
('S1962', 22, 'Male'),
('S1963', 23, 'Female'),
('S1964', 23, 'Other'),
('S1965', 17, 'Male'),
('S1966', 21, 'Other'),
('S1967', 22, 'Male'),
('S1968', 22, 'Female'),
('S1969', 19, 'Female'),
('S1970', 24, 'Female'),
('S1971', 23, 'Female'),
('S1972', 17, 'Female'),
('S1973', 19, 'Male'),
('S1974', 20, 'Male'),
('S1975', 18, 'Female'),
('S1976', 24, 'Female'),
('S1977', 24, 'Female'),
('S1978', 24, 'Female'),
('S1979', 22, 'Male'),
('S1980', 20, 'Female'),
('S1981', 24, 'Male'),
('S1982', 20, 'Female'),
('S1983', 21, 'Male'),
('S1984', 24, 'Male'),
('S1985', 18, 'Male'),
('S1986', 20, 'Male'),
('S1987', 20, 'Female'),
('S1988', 18, 'Male'),
('S1989', 24, 'Male'),
('S1990', 18, 'Male'),
('S1991', 20, 'Male'),
('S1992', 18, 'Male'),
('S1993', 20, 'Male'),
('S1994', 20, 'Female'),
('S1995', 21, 'Female'),
('S1996', 17, 'Female'),
('S1997', 20, 'Male'),
('S1998', 24, 'Male'),
('S1999', 19, 'Female');

-- --------------------------------------------------------

--
-- Table structure for table `student_academic`
--

CREATE TABLE `student_academic` (
  `student_id` varchar(10) NOT NULL,
  `exam_score` float DEFAULT NULL,
  `attendance_percentage` float DEFAULT NULL
) ENGINE=InnoDB DEFAULT CHARSET=utf8mb4 COLLATE=utf8mb4_general_ci;

--
-- Dumping data for table `student_academic`
--

INSERT INTO `student_academic` (`student_id`, `exam_score`, `attendance_percentage`) VALUES
('S1000', 56.2, 85),
('S1001', 100, 97.3),
('S1002', 34.3, 94.8),
('S1003', 26.8, 71),
('S1004', 66.4, 90.9),
('S1005', 100, 82.9),
('S1006', 89.8, 85.8),
('S1007', 72.6, 77.7),
('S1008', 78.9, 100),
('S1009', 100, 95.4),
('S1010', 63.3, 77.6),
('S1011', 74.4, 71.7),
('S1012', 76.9, 81.1),
('S1013', 75.8, 89.3),
('S1014', 78.9, 87.4),
('S1015', 74, 97.5),
('S1016', 55.2, 92.9),
('S1017', 70.8, 94.7),
('S1018', 43.9, 88.3),
('S1019', 45.3, 71.1),
('S1020', 58.5, 83),
('S1021', 82.5, 95.6),
('S1022', 98.7, 84.5),
('S1023', 43.7, 90),
('S1024', 54.9, 81.8),
('S1025', 69.9, 74.7),
('S1026', 73.5, 83.8),
('S1027', 71.1, 88.1),
('S1028', 82.8, 78.4),
('S1029', 75.7, 82.6),
('S1030', 70.6, 75.6),
('S1031', 51.3, 96.2),
('S1032', 52.1, 82.1),
('S1033', 70.7, 99.5),
('S1034', 51.2, 100),
('S1035', 72.6, 84.2),
('S1036', 70.7, 74.9),
('S1037', 59.4, 64.1),
('S1038', 58.1, 70.3),
('S1039', 82.3, 71.3),
('S1040', 69.7, 98.8),
('S1041', 66, 86.2),
('S1042', 63.5, 88.9),
('S1043', 65.7, 62.8),
('S1044', 78.5, 73),
('S1045', 75.1, 93.9),
('S1046', 71, 87.9),
('S1047', 59.7, 83.5),
('S1048', 52.6, 90.6),
('S1049', 96.5, 100),
('S1050', 62, 82.8),
('S1051', 59.7, 85.7),
('S1052', 48.4, 86.9),
('S1053', 70.6, 100),
('S1054', 68.1, 64),
('S1055', 87.2, 91.8),
('S1056', 66.7, 83.9),
('S1057', 75.2, 90.7),
('S1058', 46.4, 78.4),
('S1059', 97.1, 84.5),
('S1060', 61.2, 92.1),
('S1061', 75, 100),
('S1062', 94.7, 93.1),
('S1063', 77.6, 76.5),
('S1064', 68.6, 80.8),
('S1065', 69.6, 80.5),
('S1066', 66.5, 67),
('S1067', 62.2, 81.7),
('S1068', 82.1, 92.3),
('S1069', 100, 72.3),
('S1070', 59.7, 95.5),
('S1071', 55.1, 89.9),
('S1072', 77.1, 77.7),
('S1073', 97.7, 83.6),
('S1074', 66.9, 100),
('S1075', 99.9, 92.3),
('S1076', 100, 85.1),
('S1077', 57.2, 82.6),
('S1078', 77.3, 85.8),
('S1079', 91.6, 79.9),
('S1080', 70.7, 64),
('S1081', 57.6, 100),
('S1082', 60.2, 86.6),
('S1083', 50.5, 89),
('S1084', 51.3, 84.4),
('S1085', 53.5, 77.6),
('S1086', 79.2, 83.1),
('S1087', 47.2, 69),
('S1088', 73.4, 100),
('S1089', 41.1, 72.7),
('S1090', 77.8, 74.7),
('S1091', 63.4, 80.6),
('S1092', 43.9, 97.9),
('S1093', 70.2, 85.1),
('S1094', 81.3, 72.6),
('S1095', 50.2, 97.5),
('S1096', 87.9, 92.3),
('S1097', 80.9, 90.4),
('S1098', 63.9, 92.2),
('S1099', 65.6, 100),
('S1100', 93.2, 100),
('S1101', 74, 78.1),
('S1102', 60.8, 100),
('S1103', 50.4, 88.8),
('S1104', 74.3, 90),
('S1105', 32.8, 68.1),
('S1106', 82.3, 83.3),
('S1107', 60.4, 76.9),
('S1108', 60, 93.3),
('S1109', 77.5, 95.7),
('S1110', 86.5, 64.3),
('S1111', 76.9, 84.8),
('S1112', 43.9, 96.2),
('S1113', 51.3, 83.1),
('S1114', 83.3, 92.3),
('S1115', 82.7, 88.5),
('S1116', 94.8, 88.4),
('S1117', 80.8, 82.3),
('S1118', 58.3, 72.8),
('S1119', 66.3, 73.8),
('S1120', 87.9, 92.1),
('S1121', 60.5, 85.2),
('S1122', 84.8, 83.6),
('S1123', 77, 80.8),
('S1124', 61.7, 81.9),
('S1125', 44, 95.5),
('S1126', 42.4, 81.6),
('S1127', 88, 71.6),
('S1128', 48.7, 92.4),
('S1129', 26.8, 83),
('S1130', 81.6, 85.3),
('S1131', 100, 100),
('S1132', 74, 84.8),
('S1133', 78.4, 87.9),
('S1134', 70.7, 73.2),
('S1135', 74.3, 82.8),
('S1136', 67.6, 91.1),
('S1137', 64.7, 69.4),
('S1138', 64.1, 87),
('S1139', 83.5, 86),
('S1140', 63.4, 85.4),
('S1141', 96.2, 95.4),
('S1142', 65.4, 88.3),
('S1143', 62, 99.8),
('S1144', 74, 75.1),
('S1145', 46.7, 86.4),
('S1146', 75.5, 85.8),
('S1147', 78.1, 74.3),
('S1148', 85.2, 94.6),
('S1149', 75.4, 100),
('S1150', 64.2, 84.8),
('S1151', 69.7, 90.1),
('S1152', 90.3, 85.8),
('S1153', 81.4, 77.9),
('S1154', 65, 66.8),
('S1155', 57.3, 77.9),
('S1156', 57.7, 71.1),
('S1157', 56.7, 100),
('S1158', 62.3, 83.8),
('S1159', 77.9, 81.5),
('S1160', 65.2, 93.9),
('S1161', 76.8, 73.8),
('S1162', 83.8, 77.3),
('S1163', 70.6, 85.7),
('S1164', 63.1, 95.3),
('S1165', 39, 90),
('S1166', 66.7, 87.5),
('S1167', 72.2, 85.8),
('S1168', 50.1, 89),
('S1169', 62.4, 87),
('S1170', 96.6, 74.7),
('S1171', 85.8, 85.5),
('S1172', 68.3, 74.3),
('S1173', 83.8, 85.8),
('S1174', 69.3, 80.2),
('S1175', 65.3, 100),
('S1176', 77.5, 84.6),
('S1177', 55, 71),
('S1178', 65.2, 83.7),
('S1179', 58.1, 90.2),
('S1180', 69.2, 100),
('S1181', 67.4, 79.1),
('S1182', 79.9, 69.2),
('S1183', 85.7, 93.2),
('S1184', 96.2, 71.2),
('S1185', 40.4, 80.6),
('S1186', 55.2, 82.4),
('S1187', 73.8, 84.3),
('S1188', 46.5, 91.9),
('S1189', 60.5, 78.2),
('S1190', 55.4, 82.3),
('S1191', 45.1, 84.9),
('S1192', 69.4, 86.5),
('S1193', 81.3, 86),
('S1194', 66.6, 89.4),
('S1195', 26.7, 93.4),
('S1196', 64.5, 88.9),
('S1197', 87.1, 89.5),
('S1198', 42.2, 69.2),
('S1199', 61.6, 85.5),
('S1200', 81.9, 89.8),
('S1201', 96.5, 92.3),
('S1202', 85.1, 78.1),
('S1203', 58.5, 78.4),
('S1204', 78.4, 79.3),
('S1205', 56.4, 90.4),
('S1206', 92.6, 95.3),
('S1207', 62.3, 80.9),
('S1208', 75.8, 94.1),
('S1209', 47.1, 86.2),
('S1210', 66.3, 83.8),
('S1211', 98.3, 82.9),
('S1212', 29.7, 92.5),
('S1213', 45.5, 88.3),
('S1214', 100, 100),
('S1215', 67.5, 76.5),
('S1216', 60.3, 90.2),
('S1217', 87, 79.7),
('S1218', 48.5, 76.3),
('S1219', 100, 84.9),
('S1220', 82.1, 86.4),
('S1221', 63.7, 100),
('S1222', 100, 83.2),
('S1223', 41.9, 73.7),
('S1224', 72.7, 87.7),
('S1225', 74.3, 64.3),
('S1226', 88.7, 84.1),
('S1227', 96.6, 85.2),
('S1228', 72.6, 92.9),
('S1229', 52.4, 94.7),
('S1230', 100, 80),
('S1231', 73.1, 83.5),
('S1232', 100, 77.3),
('S1233', 80.8, 73.7),
('S1234', 62.9, 88.1),
('S1235', 71.5, 72.3),
('S1236', 46.2, 80.9),
('S1237', 53.8, 75),
('S1238', 74.2, 90.5),
('S1239', 52.5, 100),
('S1240', 51.2, 72),
('S1241', 60.6, 66.5),
('S1242', 91.5, 83.8),
('S1243', 87.3, 85.2),
('S1244', 98, 87.2),
('S1245', 47.9, 80.5),
('S1246', 51, 83),
('S1247', 90, 88.7),
('S1248', 54.1, 95.4),
('S1249', 58.4, 65.4),
('S1250', 100, 81.3),
('S1251', 65.2, 87.1),
('S1252', 85.3, 75.8),
('S1253', 93.8, 100),
('S1254', 78.8, 78.6),
('S1255', 85, 84.6),
('S1256', 64.5, 90.6),
('S1257', 71, 79.1),
('S1258', 90.8, 66.5),
('S1259', 72.6, 80.7),
('S1260', 70.9, 95.3),
('S1261', 65.1, 81.6),
('S1262', 49.1, 76.5),
('S1263', 62.7, 94.3),
('S1264', 51.5, 81.7),
('S1265', 18.4, 79.9),
('S1266', 100, 86.5),
('S1267', 53.3, 92.7),
('S1268', 76.1, 100),
('S1269', 85.6, 93.3),
('S1270', 63, 96.6),
('S1271', 73.6, 79.9),
('S1272', 76.2, 74.7),
('S1273', 45.5, 85.6),
('S1274', 58.6, 86.1),
('S1275', 77.8, 74.2),
('S1276', 61.5, 83.2),
('S1277', 71.4, 89),
('S1278', 93.9, 88.6),
('S1279', 85.9, 90),
('S1280', 73.8, 87.9),
('S1281', 83.3, 79.9),
('S1282', 79.7, 79.9),
('S1283', 47.1, 73),
('S1284', 91.9, 100),
('S1285', 60.6, 85.1),
('S1286', 46.6, 82.8),
('S1287', 84.2, 75.7),
('S1288', 95.5, 100),
('S1289', 73.5, 74.3),
('S1290', 75.9, 80.7),
('S1291', 100, 89.2),
('S1292', 74.2, 91),
('S1293', 100, 94.6),
('S1294', 94.9, 100),
('S1295', 27.6, 90.1),
('S1296', 86.2, 74.4),
('S1297', 60.1, 82.4),
('S1298', 91.3, 88.1),
('S1299', 93.8, 100),
('S1300', 61.6, 71),
('S1301', 41.7, 97),
('S1302', 74.5, 86.8),
('S1303', 63.7, 93.4),
('S1304', 39.6, 84),
('S1305', 87.5, 76.6),
('S1306', 100, 92.5),
('S1307', 75.4, 91.5),
('S1308', 61.5, 94.7),
('S1309', 73.3, 84.9),
('S1310', 96.3, 79),
('S1311', 67, 69.4),
('S1312', 70.1, 93.2),
('S1313', 84.2, 89.2),
('S1314', 48.9, 75.3),
('S1315', 98.8, 79.6),
('S1316', 76.1, 80.3),
('S1317', 80.4, 70.2),
('S1318', 64.1, 76.8),
('S1319', 59.4, 73.7),
('S1320', 94.2, 80.9),
('S1321', 67.8, 77.6),
('S1322', 96.1, 68.7),
('S1323', 70.2, 100),
('S1324', 84.2, 97.5),
('S1325', 75.4, 77.2),
('S1326', 41.7, 87.7),
('S1327', 23.1, 89.2),
('S1328', 50.3, 96.9),
('S1329', 100, 76.8),
('S1330', 52.2, 95.9),
('S1331', 100, 79.5),
('S1332', 71.2, 71.6),
('S1333', 72.3, 92.2),
('S1334', 100, 97.9),
('S1335', 100, 100),
('S1336', 100, 73),
('S1337', 93.1, 92),
('S1338', 67.7, 80.9),
('S1339', 77.9, 92.8),
('S1340', 80.3, 70.3),
('S1341', 44.3, 72.4),
('S1342', 54.7, 77.2),
('S1343', 85, 85.8),
('S1344', 81.7, 78.6),
('S1345', 71.6, 91.6),
('S1346', 73.7, 95.3),
('S1347', 77, 91),
('S1348', 72.3, 100),
('S1349', 100, 89.2),
('S1350', 54, 72.8),
('S1351', 70.4, 98.6),
('S1352', 47, 78.9),
('S1353', 48.7, 94.1),
('S1354', 47.6, 100),
('S1355', 81.1, 89.6),
('S1356', 100, 70),
('S1357', 81.9, 75.8),
('S1358', 56.3, 98.2),
('S1359', 100, 83.3),
('S1360', 81, 85.8),
('S1361', 84.9, 92.6),
('S1362', 67.9, 92),
('S1363', 56.9, 87.8),
('S1364', 45.9, 82.9),
('S1365', 76, 81.9),
('S1366', 94.8, 93.6),
('S1367', 99.3, 90.5),
('S1368', 71, 82.4),
('S1369', 70.9, 95.8),
('S1370', 59.8, 83.7),
('S1371', 36, 76.5),
('S1372', 68.4, 77.4),
('S1373', 72.9, 75.2),
('S1374', 57.3, 82.3),
('S1375', 50.3, 97.3),
('S1376', 65.7, 76.9),
('S1377', 67.9, 86.9),
('S1378', 63.6, 78.4),
('S1379', 32.9, 82.4),
('S1380', 67.7, 69.9),
('S1381', 100, 82.8),
('S1382', 96.8, 83.1),
('S1383', 71, 90.4),
('S1384', 59.8, 87.2),
('S1385', 64.2, 73),
('S1386', 45.2, 95.8),
('S1387', 82.9, 87.1),
('S1388', 73.2, 87),
('S1389', 79.6, 84.9),
('S1390', 73, 79.8),
('S1391', 72.6, 87.2),
('S1392', 45.2, 89.8),
('S1393', 51.8, 67.5),
('S1394', 92, 79.6),
('S1395', 77.8, 82.5),
('S1396', 97.2, 87.6),
('S1397', 71.9, 96.9),
('S1398', 69.1, 77.3),
('S1399', 59.6, 80),
('S1400', 60.4, 79.9),
('S1401', 48.3, 77),
('S1402', 50.1, 81.5),
('S1403', 74.9, 92.7),
('S1404', 85.6, 74.5),
('S1405', 65.4, 89.3),
('S1406', 82.4, 68),
('S1407', 67.3, 79.4),
('S1408', 34.3, 81.7),
('S1409', 53, 100),
('S1410', 78, 82.3),
('S1411', 58.2, 63),
('S1412', 73.7, 65),
('S1413', 60.3, 85.3),
('S1414', 78.7, 91.1),
('S1415', 68.3, 88.8),
('S1416', 49.9, 86.7),
('S1417', 100, 96.6),
('S1418', 54.7, 79.6),
('S1419', 58.7, 93.9),
('S1420', 70.8, 68.7),
('S1421', 87.1, 76),
('S1422', 29.5, 66.9),
('S1423', 53.2, 82.3),
('S1424', 73, 84.5),
('S1425', 71.1, 86.1),
('S1426', 80.9, 85.6),
('S1427', 75.1, 75.7),
('S1428', 52.4, 83.1),
('S1429', 67.6, 70),
('S1430', 35.7, 98.6),
('S1431', 29.9, 82),
('S1432', 70.7, 80.1),
('S1433', 89.3, 100),
('S1434', 26.2, 72.6),
('S1435', 58.3, 73.7),
('S1436', 78.4, 74),
('S1437', 100, 84.3),
('S1438', 66.8, 89.3),
('S1439', 63.8, 92.4),
('S1440', 76.1, 100),
('S1441', 82.7, 62.5),
('S1442', 65, 91.1),
('S1443', 66.8, 79.4),
('S1444', 64.9, 79.1),
('S1445', 63.1, 78.8),
('S1446', 56.3, 75.9),
('S1447', 93.6, 100),
('S1448', 91.9, 93.4),
('S1449', 74, 85.2),
('S1450', 62.7, 98.5),
('S1451', 58.6, 69.9),
('S1452', 89.3, 71.7),
('S1453', 63.4, 63.2),
('S1454', 46.7, 78),
('S1455', 100, 86.6),
('S1456', 68.7, 86),
('S1457', 58.9, 86.5),
('S1458', 59, 70.9),
('S1459', 77.9, 93),
('S1460', 72.3, 87.4),
('S1461', 49.7, 92.3),
('S1462', 80.9, 66.1),
('S1463', 44.5, 88.1),
('S1464', 85.3, 73.1),
('S1465', 83.2, 81),
('S1466', 59.7, 90.3),
('S1467', 98.1, 85.9),
('S1468', 66.8, 76.5),
('S1469', 96.1, 85.1),
('S1470', 60.4, 69.7),
('S1471', 33.8, 96.5),
('S1472', 56.1, 82.9),
('S1473', 80.6, 96.2),
('S1474', 52.6, 79.7),
('S1475', 52.1, 79.8),
('S1476', 39.9, 77.4),
('S1477', 84, 93.8),
('S1478', 97.7, 77.9),
('S1479', 43.3, 91.4),
('S1480', 55.9, 81.2),
('S1481', 84.6, 65.2),
('S1482', 67, 79.3),
('S1483', 76, 73.2),
('S1484', 56.9, 85.3),
('S1485', 77.5, 73.1),
('S1486', 69.4, 94.3),
('S1487', 94.6, 84.1),
('S1488', 93.4, 83.2),
('S1489', 100, 91.6),
('S1490', 63.6, 94.6),
('S1491', 53, 84.8),
('S1492', 67.8, 77.3),
('S1493', 73.9, 67.3),
('S1494', 66.5, 78.1),
('S1495', 49.9, 78.8),
('S1496', 73.9, 86.1),
('S1497', 80.3, 81.5),
('S1498', 71.7, 91.9),
('S1499', 83.3, 78.9),
('S1500', 84.5, 84.4),
('S1501', 74.9, 96.8),
('S1502', 34, 88.4),
('S1503', 63, 84.4),
('S1504', 77.9, 79),
('S1505', 72.9, 78.7),
('S1506', 53.2, 76.5),
('S1507', 57.3, 79.6),
('S1508', 76.6, 92.6),
('S1509', 64.6, 82.8),
('S1510', 51.1, 71.5),
('S1511', 63, 100),
('S1512', 61.6, 88.2),
('S1513', 62.5, 70.9),
('S1514', 87.1, 80.6),
('S1515', 82.5, 86.1),
('S1516', 80.9, 100),
('S1517', 100, 73.9),
('S1518', 79.6, 94.8),
('S1519', 71.2, 99),
('S1520', 62.7, 78.7),
('S1521', 64.2, 82.2),
('S1522', 44.1, 74.6),
('S1523', 61.7, 83),
('S1524', 39.9, 84.6),
('S1525', 84.1, 91.6),
('S1526', 40.7, 95.9),
('S1527', 81.8, 77.5),
('S1528', 77, 65.3),
('S1529', 65.7, 84.8),
('S1530', 80.9, 87.9),
('S1531', 47.4, 87.5),
('S1532', 83, 81.7),
('S1533', 54.2, 86.2),
('S1534', 82.5, 100),
('S1535', 85, 88.8),
('S1536', 40.4, 81.3),
('S1537', 58.9, 80),
('S1538', 67.5, 83.3),
('S1539', 81, 100),
('S1540', 74.7, 83.2),
('S1541', 67.4, 84.8),
('S1542', 72.2, 80.2),
('S1543', 77.1, 96),
('S1544', 87.9, 100),
('S1545', 54.1, 89.5),
('S1546', 62.9, 85.8),
('S1547', 95.6, 85.4),
('S1548', 67.1, 61.2),
('S1549', 51.5, 92.5),
('S1550', 97.9, 86.3),
('S1551', 67, 89.3),
('S1552', 31.5, 77.9),
('S1553', 88, 81.2),
('S1554', 53.4, 80.9),
('S1555', 83.4, 95.2),
('S1556', 79, 81.2),
('S1557', 69.9, 100),
('S1558', 60.1, 89.3),
('S1559', 70.3, 72.2),
('S1560', 79.8, 83.7),
('S1561', 66.6, 78.5),
('S1562', 91.7, 63.1),
('S1563', 70.1, 100),
('S1564', 61.5, 92),
('S1565', 79.3, 90.3),
('S1566', 63.9, 86.7),
('S1567', 93.1, 71.2),
('S1568', 89.8, 80.2),
('S1569', 100, 93.4),
('S1570', 61.8, 74.5),
('S1571', 51.5, 59.7),
('S1572', 60.4, 82.7),
('S1573', 67.2, 83.6),
('S1574', 89.6, 86.4),
('S1575', 48.3, 92.3),
('S1576', 61.7, 91.4),
('S1577', 44.4, 87.6),
('S1578', 77.2, 97),
('S1579', 100, 69.8),
('S1580', 73, 90),
('S1581', 68.5, 91.3),
('S1582', 61, 72.6),
('S1583', 70.5, 70),
('S1584', 52.5, 77.5),
('S1585', 62.8, 78.4),
('S1586', 83.5, 92.5),
('S1587', 71.4, 78.9),
('S1588', 61.5, 76.4),
('S1589', 75.4, 78.9),
('S1590', 42, 96.2),
('S1591', 64, 85.1),
('S1592', 60.1, 83.2),
('S1593', 34.7, 83.9),
('S1594', 88, 97.9),
('S1595', 100, 77.5),
('S1596', 66.1, 98.2),
('S1597', 95.5, 87.1),
('S1598', 86.4, 83.4),
('S1599', 77.3, 100),
('S1600', 90.2, 74.4),
('S1601', 80.2, 81.5),
('S1602', 72.9, 72.7),
('S1603', 35.8, 94.5),
('S1604', 72.8, 100),
('S1605', 67.6, 100),
('S1606', 93.1, 97.2),
('S1607', 57.5, 83),
('S1608', 61.1, 81.3),
('S1609', 77.4, 68.3),
('S1610', 69.6, 100),
('S1611', 100, 89.7),
('S1612', 69.3, 80.1),
('S1613', 85.7, 98.3),
('S1614', 53.9, 75.3),
('S1615', 43.7, 89.1),
('S1616', 79.3, 83.3),
('S1617', 71.3, 91.4),
('S1618', 61.4, 84.4),
('S1619', 45.1, 70.5),
('S1620', 39.8, 85.8),
('S1621', 70.7, 95.5),
('S1622', 35.6, 84.7),
('S1623', 93, 92.8),
('S1624', 83.2, 74.5),
('S1625', 46.6, 84.7),
('S1626', 70.8, 78.8),
('S1627', 78.3, 92.5),
('S1628', 70.7, 85.3),
('S1629', 82.6, 91.9),
('S1630', 50.3, 95.9),
('S1631', 80.9, 91.9),
('S1632', 75.4, 87.7),
('S1633', 83.7, 75),
('S1634', 76.8, 85),
('S1635', 45.8, 79.7),
('S1636', 58.4, 81.6),
('S1637', 70.3, 81.3),
('S1638', 99.4, 75.2),
('S1639', 62.9, 65.4),
('S1640', 98, 78.3),
('S1641', 74.7, 86.9),
('S1642', 50.4, 71.5),
('S1643', 49.4, 85.2),
('S1644', 35.3, 100),
('S1645', 46.3, 95.2),
('S1646', 68.4, 100),
('S1647', 84.2, 88.9),
('S1648', 54.6, 96.7),
('S1649', 88, 77.8),
('S1650', 61.5, 78.6),
('S1651', 75.7, 57.6),
('S1652', 100, 96.9),
('S1653', 82.6, 100),
('S1654', 71.5, 79.5),
('S1655', 57.6, 82.5),
('S1656', 36.1, 77.5),
('S1657', 67.4, 88.8),
('S1658', 74.8, 96.2),
('S1659', 73.6, 67.6),
('S1660', 79.5, 89.1),
('S1661', 62.5, 82.2),
('S1662', 76.3, 86.1),
('S1663', 75.6, 89.6),
('S1664', 64.4, 83.1),
('S1665', 75.3, 84),
('S1666', 50.4, 82.9),
('S1667', 100, 94.7),
('S1668', 76.4, 89.2),
('S1669', 69.9, 87.2),
('S1670', 88.9, 72.3),
('S1671', 70.4, 81.2),
('S1672', 69.4, 94),
('S1673', 84.9, 85.4),
('S1674', 63.6, 91.6),
('S1675', 82.2, 100),
('S1676', 37.4, 95.4),
('S1677', 73.8, 85.9),
('S1678', 53.4, 79.9),
('S1679', 64.2, 59.5),
('S1680', 70.4, 83.3),
('S1681', 51.5, 81.7),
('S1682', 53.4, 88.9),
('S1683', 77.2, 83.5),
('S1684', 59.8, 81.8),
('S1685', 55.4, 67.2),
('S1686', 69.9, 75.6),
('S1687', 71.6, 89.8),
('S1688', 92.9, 100),
('S1689', 72.4, 84),
('S1690', 70.5, 88.3),
('S1691', 100, 94.5),
('S1692', 37.4, 76.9),
('S1693', 88.7, 88.7),
('S1694', 88.6, 77.6),
('S1695', 68.5, 93.6),
('S1696', 100, 86.5),
('S1697', 66.9, 88),
('S1698', 71.5, 77.2),
('S1699', 77.8, 92.1),
('S1700', 67.7, 100),
('S1701', 96.4, 74.9),
('S1702', 83.1, 81.6),
('S1703', 37.9, 87.3),
('S1704', 76.3, 92.9),
('S1705', 52.6, 79.4),
('S1706', 83.6, 56.7),
('S1707', 92, 98.6),
('S1708', 53.2, 92.6),
('S1709', 56.4, 67.6),
('S1710', 58.1, 78.9),
('S1711', 70.9, 100),
('S1712', 98.7, 99.5),
('S1713', 83.3, 94.4),
('S1714', 80.6, 83.2),
('S1715', 91.3, 85.8),
('S1716', 63.5, 83.7),
('S1717', 66.3, 96.3),
('S1718', 49.9, 76.2),
('S1719', 68.9, 76.9),
('S1720', 94.2, 95.1),
('S1721', 100, 84.6),
('S1722', 58.6, 98.8),
('S1723', 53.2, 78.3),
('S1724', 70.5, 84.5),
('S1725', 64, 75.8),
('S1726', 77.4, 85.1),
('S1727', 57.4, 70.2),
('S1728', 59.9, 80.1),
('S1729', 66.7, 70.6),
('S1730', 58.4, 91.9),
('S1731', 63.6, 92.2),
('S1732', 62.6, 67.7),
('S1733', 70.6, 98.3),
('S1734', 75.2, 100),
('S1735', 50.1, 85.5),
('S1736', 72.8, 78.6),
('S1737', 72.7, 100),
('S1738', 76, 71.8),
('S1739', 74.1, 85.2),
('S1740', 79, 86.8),
('S1741', 51.3, 98.5),
('S1742', 71, 88.6),
('S1743', 76.4, 80),
('S1744', 52.6, 75.5),
('S1745', 74, 81.6),
('S1746', 42.6, 74.9),
('S1747', 49.8, 85.5),
('S1748', 45.7, 79.4),
('S1749', 77.2, 70.1),
('S1750', 98.5, 97.6),
('S1751', 96.2, 80),
('S1752', 71.3, 72.3),
('S1753', 59.2, 83.3),
('S1754', 51.8, 85.7),
('S1755', 59.3, 67.5),
('S1756', 58.5, 88.3),
('S1757', 44.5, 74.5),
('S1758', 75.4, 100),
('S1759', 54.9, 90.2),
('S1760', 30.2, 81),
('S1761', 71.8, 77.5),
('S1762', 51.8, 84),
('S1763', 59.5, 91.1),
('S1764', 96.6, 84.7),
('S1765', 44.1, 82.8),
('S1766', 30.5, 85.6),
('S1767', 63.7, 79),
('S1768', 74, 81.6),
('S1769', 98.8, 64.1),
('S1770', 53, 94.7),
('S1771', 84.6, 88),
('S1772', 73, 77.3),
('S1773', 57.1, 100),
('S1774', 100, 85.9),
('S1775', 36.2, 74.6),
('S1776', 65.6, 93.6),
('S1777', 87.5, 89),
('S1778', 100, 88.9),
('S1779', 85.6, 80.7),
('S1780', 89.4, 89.5),
('S1781', 66.9, 82.4),
('S1782', 56, 90.6),
('S1783', 77.9, 66),
('S1784', 91.3, 80.7),
('S1785', 68.4, 100),
('S1786', 85.3, 77.3),
('S1787', 64.4, 79),
('S1788', 82.8, 80.5),
('S1789', 78, 72.9),
('S1790', 31.5, 62.9),
('S1791', 92.3, 82.7),
('S1792', 50.1, 86.4),
('S1793', 49.4, 84.5),
('S1794', 80.3, 83.6),
('S1795', 89.7, 85.4),
('S1796', 33.6, 95.2),
('S1797', 100, 83.1),
('S1798', 90.6, 79.3),
('S1799', 66.3, 82.2),
('S1800', 86.1, 90.8),
('S1801', 65.5, 99.1),
('S1802', 82.9, 78.7),
('S1803', 76.3, 86),
('S1804', 59, 88.4),
('S1805', 76.1, 75.1),
('S1806', 40.3, 85.2),
('S1807', 65.2, 70.3),
('S1808', 43.9, 67.3),
('S1809', 89.5, 88.7),
('S1810', 80.7, 81.2),
('S1811', 53, 87),
('S1812', 70.6, 84.8),
('S1813', 65.5, 75.2),
('S1814', 75.1, 84.5),
('S1815', 43.5, 72.7),
('S1816', 80.6, 98.9),
('S1817', 88.2, 71.4),
('S1818', 48.5, 83),
('S1819', 67.3, 74.6),
('S1820', 50.7, 90.7),
('S1821', 35.4, 81.7),
('S1822', 49.1, 79.8),
('S1823', 85.4, 93.5),
('S1824', 83.9, 85.3),
('S1825', 90.4, 90.2),
('S1826', 87.8, 75.2),
('S1827', 87.5, 71),
('S1828', 58.2, 86.1),
('S1829', 73.2, 81.8),
('S1830', 83.5, 91.3),
('S1831', 77.6, 84.2),
('S1832', 98.4, 87.1),
('S1833', 78.5, 68.8),
('S1834', 81.1, 100),
('S1835', 100, 83.4),
('S1836', 58.7, 92),
('S1837', 62.6, 76.6),
('S1838', 60.3, 88.1),
('S1839', 63.9, 72),
('S1840', 80, 89.5),
('S1841', 62.6, 81.4),
('S1842', 71.4, 85.3),
('S1843', 60.6, 92),
('S1844', 47.2, 72.7),
('S1845', 78.1, 78.2),
('S1846', 75.5, 89.6),
('S1847', 73.5, 100),
('S1848', 74.6, 83.6),
('S1849', 98.7, 90.9),
('S1850', 49.2, 83.9),
('S1851', 67.4, 100),
('S1852', 72.5, 67.5),
('S1853', 68.4, 85.9),
('S1854', 70, 68.7),
('S1855', 56.1, 59.9),
('S1856', 81.5, 88),
('S1857', 45, 86.4),
('S1858', 84.4, 82.2),
('S1859', 36.8, 83.9),
('S1860', 65.6, 100),
('S1861', 93.5, 82.4),
('S1862', 93.7, 90.1),
('S1863', 42.3, 78.5),
('S1864', 53.3, 88),
('S1865', 65.9, 82.6),
('S1866', 87.9, 80.9),
('S1867', 94.5, 100),
('S1868', 77.8, 96.8),
('S1869', 74.6, 86.4),
('S1870', 67.5, 62),
('S1871', 66.5, 81.4),
('S1872', 78.4, 100),
('S1873', 84.9, 82.7),
('S1874', 96.6, 96),
('S1875', 100, 99.4),
('S1876', 83.1, 87.2),
('S1877', 36.9, 76.6),
('S1878', 60, 60.6),
('S1879', 44.3, 91.8),
('S1880', 41.6, 76.9),
('S1881', 45.5, 86.8),
('S1882', 68.2, 72.5),
('S1883', 75.5, 82.3),
('S1884', 40.9, 85.3),
('S1885', 100, 87.7),
('S1886', 65.6, 73.9),
('S1887', 75.9, 97),
('S1888', 69.8, 79),
('S1889', 66.6, 68.3),
('S1890', 84.5, 83.9),
('S1891', 65.6, 85.3),
('S1892', 46.8, 86.6),
('S1893', 67.7, 98.6),
('S1894', 45.4, 82.6),
('S1895', 57, 83.8),
('S1896', 58.4, 74),
('S1897', 70.8, 93.2),
('S1898', 75.7, 86.8),
('S1899', 55.7, 80.8),
('S1900', 82.1, 66),
('S1901', 71.4, 99.4),
('S1902', 66.7, 72.7),
('S1903', 70.9, 79.1),
('S1904', 73, 88.6),
('S1905', 53.9, 73),
('S1906', 43.4, 70.1),
('S1907', 55.4, 63.8),
('S1908', 100, 92.2),
('S1909', 71.8, 79.5),
('S1910', 89.2, 100),
('S1911', 83.9, 75.1),
('S1912', 89.1, 75.8),
('S1913', 53.5, 79.3),
('S1914', 72.9, 87.4),
('S1915', 61, 80.3),
('S1916', 69.1, 91.1),
('S1917', 77.2, 75.2),
('S1918', 71.9, 71.2),
('S1919', 74.7, 67),
('S1920', 74.5, 62.8),
('S1921', 85.4, 79.8),
('S1922', 44.3, 82),
('S1923', 53.4, 78.7),
('S1924', 57.4, 97.4),
('S1925', 53.6, 97.3),
('S1926', 58.8, 81.7),
('S1927', 43.5, 67.1),
('S1928', 65.6, 79.3),
('S1929', 89.8, 79),
('S1930', 89.5, 78.4),
('S1931', 68.8, 78),
('S1932', 76.8, 78.5),
('S1933', 47.5, 81.1),
('S1934', 89.3, 78.6),
('S1935', 62, 87.1),
('S1936', 66.1, 88.6),
('S1937', 41.7, 75.9),
('S1938', 28, 97.7),
('S1939', 71, 75.2),
('S1940', 67.5, 68.8),
('S1941', 63.4, 88.8),
('S1942', 50.2, 76.8),
('S1943', 72, 88.2),
('S1944', 67.9, 61),
('S1945', 100, 98.9),
('S1946', 55, 91.7),
('S1947', 59.9, 70),
('S1948', 63.2, 70.2),
('S1949', 84.5, 100),
('S1950', 50.8, 77.6),
('S1951', 94, 76.7),
('S1952', 65.6, 62.3),
('S1953', 61.7, 81.5),
('S1954', 66, 82.7),
('S1955', 86.9, 92.2),
('S1956', 59.6, 71),
('S1957', 49.1, 69.8),
('S1958', 31.1, 89.5),
('S1959', 45.7, 95.1),
('S1960', 100, 69.3),
('S1961', 81.1, 95.8),
('S1962', 55.1, 85.4),
('S1963', 53.3, 95.9),
('S1964', 89.1, 84.3),
('S1965', 77.3, 59.8),
('S1966', 56.4, 83.5),
('S1967', 76.1, 95.6),
('S1968', 74.6, 76.1),
('S1969', 83, 81.1),
('S1970', 85.9, 83.2),
('S1971', 64.5, 56),
('S1972', 91.9, 100),
('S1973', 74.6, 76),
('S1974', 70.9, 90.1),
('S1975', 66.7, 84.1),
('S1976', 77.4, 97.6),
('S1977', 99, 89.1),
('S1978', 43.5, 82.7),
('S1979', 53.4, 76.1),
('S1980', 81, 93),
('S1981', 66.2, 66.3),
('S1982', 88, 91.5),
('S1983', 64.4, 74),
('S1984', 82.4, 97.5),
('S1985', 80.9, 86.6),
('S1986', 59.6, 91.4),
('S1987', 56.2, 85.8),
('S1988', 72.5, 67.5),
('S1989', 47.6, 76.4),
('S1990', 63.6, 91.7),
('S1991', 85.3, 86.7),
('S1992', 71.8, 96.8),
('S1993', 70.9, 89),
('S1994', 41.7, 75.3),
('S1995', 76.1, 77),
('S1996', 65.9, 86),
('S1997', 64.4, 61.9),
('S1998', 69.7, 100),
('S1999', 74.9, 89.4);

-- --------------------------------------------------------

--
-- Table structure for table `student_family`
--

CREATE TABLE `student_family` (
  `student_id` varchar(10) NOT NULL,
  `parental_education_level` varchar(50) DEFAULT NULL,
  `mental_health_rating` int(11) DEFAULT NULL
) ENGINE=InnoDB DEFAULT CHARSET=utf8mb4 COLLATE=utf8mb4_general_ci;

--
-- Dumping data for table `student_family`
--

INSERT INTO `student_family` (`student_id`, `parental_education_level`, `mental_health_rating`) VALUES
('S1000', 'Master', 8),
('S1001', 'High School', 8),
('S1002', 'High School', 1),
('S1003', 'Master', 1),
('S1004', 'Master', 1),
('S1005', 'Master', 4),
('S1006', 'Master', 4),
('S1007', 'Bachelor', 8),
('S1008', 'Bachelor', 1),
('S1009', 'Bachelor', 10),
('S1010', NULL, 3),
('S1011', 'Bachelor', 1),
('S1012', 'Bachelor', 9),
('S1013', 'Bachelor', 10),
('S1014', 'Bachelor', 9),
('S1015', 'High School', 7),
('S1016', 'High School', 8),
('S1017', 'High School', 1),
('S1018', 'High School', 5),
('S1019', 'High School', 2),
('S1020', 'Master', 1),
('S1021', 'High School', 3),
('S1022', 'High School', 7),
('S1023', 'Bachelor', 1),
('S1024', 'Bachelor', 2),
('S1025', 'High School', 2),
('S1026', 'Bachelor', 4),
('S1027', 'Bachelor', 3),
('S1028', 'High School', 3),
('S1029', 'High School', 10),
('S1030', 'Master', 5),
('S1031', 'Bachelor', 3),
('S1032', 'Bachelor', 7),
('S1033', NULL, 5),
('S1034', 'High School', 4),
('S1035', 'Bachelor', 3),
('S1036', 'High School', 4),
('S1037', 'High School', 2),
('S1038', 'Bachelor', 1),
('S1039', 'High School', 3),
('S1040', 'Bachelor', 2),
('S1041', 'Bachelor', 1),
('S1042', 'High School', 1),
('S1043', 'Bachelor', 2),
('S1044', 'High School', 9),
('S1045', 'Bachelor', 5),
('S1046', 'High School', 9),
('S1047', NULL, 8),
('S1048', 'Bachelor', 6),
('S1049', 'High School', 1),
('S1050', 'Master', 10),
('S1051', 'High School', 5),
('S1052', 'High School', 1),
('S1053', 'Bachelor', 7),
('S1054', 'High School', 10),
('S1055', 'High School', 8),
('S1056', 'Bachelor', 8),
('S1057', 'Bachelor', 7),
('S1058', 'Master', 2),
('S1059', 'Master', 5),
('S1060', 'High School', 4),
('S1061', 'Bachelor', 5),
('S1062', 'High School', 10),
('S1063', 'Bachelor', 9),
('S1064', 'High School', 4),
('S1065', 'Master', 8),
('S1066', 'Bachelor', 8),
('S1067', 'Master', 2),
('S1068', 'Bachelor', 6),
('S1069', 'Master', 5),
('S1070', 'Bachelor', 2),
('S1071', 'High School', 10),
('S1072', 'High School', 4),
('S1073', 'High School', 7),
('S1074', NULL, 1),
('S1075', 'Bachelor', 9),
('S1076', 'Bachelor', 10),
('S1077', 'Bachelor', 1),
('S1078', 'Master', 5),
('S1079', 'Master', 7),
('S1080', 'High School', 8),
('S1081', 'High School', 2),
('S1082', 'High School', 4),
('S1083', 'High School', 2),
('S1084', 'Bachelor', 4),
('S1085', 'Bachelor', 6),
('S1086', 'Bachelor', 6),
('S1087', 'Master', 2),
('S1088', 'Bachelor', 4),
('S1089', 'High School', 4),
('S1090', 'Bachelor', 1),
('S1091', 'High School', 2),
('S1092', 'High School', 3),
('S1093', NULL, 5),
('S1094', 'High School', 8),
('S1095', 'High School', 6),
('S1096', 'High School', 3),
('S1097', 'Bachelor', 6),
('S1098', 'Bachelor', 7),
('S1099', 'High School', 6),
('S1100', NULL, 10),
('S1101', 'Bachelor', 6),
('S1102', NULL, 1),
('S1103', 'Master', 3),
('S1104', 'Bachelor', 7),
('S1105', 'High School', 4),
('S1106', 'High School', 4),
('S1107', NULL, 7),
('S1108', 'High School', 9),
('S1109', 'High School', 2),
('S1110', 'Bachelor', 9),
('S1111', 'High School', 3),
('S1112', 'Bachelor', 6),
('S1113', 'Bachelor', 4),
('S1114', 'High School', 1),
('S1115', NULL, 9),
('S1116', NULL, 6),
('S1117', NULL, 8),
('S1118', 'Bachelor', 2),
('S1119', 'High School', 7),
('S1120', 'Bachelor', 6),
('S1121', 'High School', 2),
('S1122', 'High School', 2),
('S1123', 'Bachelor', 4),
('S1124', 'Bachelor', 4),
('S1125', 'High School', 3),
('S1126', 'High School', 8),
('S1127', 'Bachelor', 7),
('S1128', 'High School', 2),
('S1129', 'High School', 3),
('S1130', 'Bachelor', 10),
('S1131', 'High School', 9),
('S1132', 'Bachelor', 5),
('S1133', 'Bachelor', 2),
('S1134', 'Bachelor', 3),
('S1135', 'Bachelor', 8),
('S1136', 'Bachelor', 4),
('S1137', 'Bachelor', 2),
('S1138', 'Master', 2),
('S1139', 'High School', 6),
('S1140', 'High School', 8),
('S1141', 'Bachelor', 7),
('S1142', 'Bachelor', 4),
('S1143', NULL, 2),
('S1144', 'Master', 9),
('S1145', NULL, 4),
('S1146', 'Bachelor', 9),
('S1147', 'Bachelor', 5),
('S1148', 'Master', 7),
('S1149', NULL, 5),
('S1150', 'Bachelor', 2),
('S1151', 'High School', 6),
('S1152', 'High School', 7),
('S1153', NULL, 6),
('S1154', 'Bachelor', 3),
('S1155', 'High School', 10),
('S1156', 'High School', 8),
('S1157', 'Bachelor', 3),
('S1158', 'Bachelor', 5),
('S1159', 'Bachelor', 9),
('S1160', 'Master', 5),
('S1161', 'High School', 7),
('S1162', 'Master', 7),
('S1163', 'Master', 5),
('S1164', 'High School', 2),
('S1165', 'High School', 5),
('S1166', 'High School', 7),
('S1167', 'High School', 7),
('S1168', 'Bachelor', 4),
('S1169', 'Bachelor', 1),
('S1170', 'Bachelor', 6),
('S1171', 'Bachelor', 3),
('S1172', 'High School', 5),
('S1173', 'Master', 4),
('S1174', 'High School', 2),
('S1175', 'Master', 7),
('S1176', 'High School', 5),
('S1177', 'Master', 7),
('S1178', NULL, 9),
('S1179', 'High School', 4),
('S1180', NULL, 5),
('S1181', 'Bachelor', 9),
('S1182', 'Master', 10),
('S1183', 'High School', 4),
('S1184', 'Master', 5),
('S1185', 'Bachelor', 5),
('S1186', 'Bachelor', 8),
('S1187', 'Bachelor', 4),
('S1188', 'High School', 4),
('S1189', 'High School', 7),
('S1190', 'Master', 5),
('S1191', 'Master', 6),
('S1192', 'Master', 6),
('S1193', 'Master', 6),
('S1194', 'High School', 10),
('S1195', 'Bachelor', 5),
('S1196', 'High School', 5),
('S1197', 'Master', 9),
('S1198', 'High School', 8),
('S1199', 'Bachelor', 4),
('S1200', 'Bachelor', 7),
('S1201', 'High School', 8),
('S1202', NULL, 9),
('S1203', 'Master', 5),
('S1204', 'Bachelor', 3),
('S1205', 'High School', 4),
('S1206', 'Bachelor', 10),
('S1207', 'Bachelor', 6),
('S1208', 'High School', 10),
('S1209', 'High School', 5),
('S1210', 'Master', 9),
('S1211', 'Bachelor', 3),
('S1212', 'Bachelor', 2),
('S1213', 'Bachelor', 6),
('S1214', NULL, 7),
('S1215', 'High School', 5),
('S1216', 'High School', 1),
('S1217', 'High School', 3),
('S1218', 'Bachelor', 3),
('S1219', 'Master', 4),
('S1220', 'High School', 10),
('S1221', 'High School', 6),
('S1222', 'Bachelor', 5),
('S1223', 'Master', 1),
('S1224', 'Bachelor', 6),
('S1225', 'Master', 9),
('S1226', 'Bachelor', 1),
('S1227', 'Bachelor', 8),
('S1228', 'High School', 8),
('S1229', 'High School', 3),
('S1230', 'High School', 9),
('S1231', 'Bachelor', 8),
('S1232', 'Master', 3),
('S1233', 'Master', 10),
('S1234', 'High School', 5),
('S1235', 'High School', 3),
('S1236', 'High School', 5),
('S1237', 'High School', 9),
('S1238', 'Bachelor', 4),
('S1239', 'Master', 6),
('S1240', 'Master', 3),
('S1241', 'Bachelor', 3),
('S1242', 'Bachelor', 5),
('S1243', 'Bachelor', 8),
('S1244', 'High School', 8),
('S1245', 'Bachelor', 3),
('S1246', 'Bachelor', 8),
('S1247', 'Bachelor', 8),
('S1248', 'High School', 3),
('S1249', 'High School', 10),
('S1250', 'High School', 10),
('S1251', 'Master', 2),
('S1252', 'High School', 10),
('S1253', 'Bachelor', 2),
('S1254', 'Bachelor', 9),
('S1255', 'High School', 7),
('S1256', 'Bachelor', 6),
('S1257', 'Master', 7),
('S1258', 'High School', 8),
('S1259', 'Master', 1),
('S1260', 'High School', 8),
('S1261', NULL, 3),
('S1262', 'Master', 3),
('S1263', 'Bachelor', 6),
('S1264', 'Master', 4),
('S1265', 'Bachelor', 4),
('S1266', 'Master', 4),
('S1267', 'Bachelor', 10),
('S1268', 'Bachelor', 9),
('S1269', 'Bachelor', 8),
('S1270', 'High School', 3),
('S1271', 'Master', 1),
('S1272', 'High School', 1),
('S1273', 'Bachelor', 1),
('S1274', 'High School', 4),
('S1275', 'Bachelor', 6),
('S1276', 'High School', 4),
('S1277', NULL, 3),
('S1278', 'Master', 8),
('S1279', 'High School', 8),
('S1280', 'Bachelor', 6),
('S1281', 'High School', 9),
('S1282', NULL, 10),
('S1283', 'High School', 1),
('S1284', 'Bachelor', 8),
('S1285', NULL, 6),
('S1286', 'Master', 1),
('S1287', 'High School', 4),
('S1288', 'High School', 5),
('S1289', 'High School', 7),
('S1290', NULL, 8),
('S1291', 'Bachelor', 9),
('S1292', 'Master', 6),
('S1293', 'Bachelor', 10),
('S1294', 'High School', 9),
('S1295', 'High School', 4),
('S1296', 'High School', 8),
('S1297', 'Master', 3),
('S1298', 'High School', 4),
('S1299', 'Bachelor', 10),
('S1300', 'High School', 4),
('S1301', 'High School', 6),
('S1302', 'High School', 9),
('S1303', NULL, 6),
('S1304', 'Bachelor', 1),
('S1305', 'High School', 5),
('S1306', 'Bachelor', 9),
('S1307', NULL, 5),
('S1308', 'Master', 6),
('S1309', 'High School', 3),
('S1310', 'Master', 8),
('S1311', 'Bachelor', 10),
('S1312', 'Master', 4),
('S1313', 'High School', 4),
('S1314', 'Bachelor', 5),
('S1315', 'High School', 10),
('S1316', 'High School', 9),
('S1317', 'High School', 8),
('S1318', 'High School', 7),
('S1319', 'Master', 5),
('S1320', NULL, 9),
('S1321', 'Bachelor', 9),
('S1322', 'Bachelor', 10),
('S1323', 'Bachelor', 10),
('S1324', 'Bachelor', 2),
('S1325', 'High School', 4),
('S1326', 'Bachelor', 8),
('S1327', 'High School', 1),
('S1328', 'Master', 5),
('S1329', 'Bachelor', 8),
('S1330', 'Master', 2),
('S1331', NULL, 2),
('S1332', 'High School', 8),
('S1333', 'High School', 10),
('S1334', NULL, 9),
('S1335', 'High School', 7),
('S1336', 'Bachelor', 8),
('S1337', 'High School', 5),
('S1338', 'Bachelor', 1),
('S1339', 'Master', 4),
('S1340', 'Bachelor', 2),
('S1341', 'High School', 3),
('S1342', 'High School', 3),
('S1343', 'High School', 9),
('S1344', 'High School', 10),
('S1345', 'Bachelor', 4),
('S1346', 'High School', 2),
('S1347', 'Master', 3),
('S1348', 'Bachelor', 3),
('S1349', 'Bachelor', 7),
('S1350', 'High School', 8),
('S1351', 'High School', 6),
('S1352', 'Bachelor', 4),
('S1353', 'High School', 6),
('S1354', 'High School', 1),
('S1355', 'High School', 10),
('S1356', 'High School', 8),
('S1357', 'Bachelor', 1),
('S1358', 'High School', 5),
('S1359', 'Bachelor', 2),
('S1360', 'High School', 6),
('S1361', 'Bachelor', 9),
('S1362', 'Master', 5),
('S1363', 'Master', 4),
('S1364', 'High School', 2),
('S1365', NULL, 3),
('S1366', 'High School', 6),
('S1367', 'Bachelor', 8),
('S1368', 'Bachelor', 8),
('S1369', 'Bachelor', 5),
('S1370', 'High School', 5),
('S1371', 'Bachelor', 10),
('S1372', 'High School', 3),
('S1373', 'Bachelor', 7),
('S1374', 'High School', 6),
('S1375', 'Bachelor', 1),
('S1376', NULL, 4),
('S1377', 'High School', 6),
('S1378', 'Bachelor', 6),
('S1379', 'High School', 3),
('S1380', 'Bachelor', 6),
('S1381', 'Bachelor', 10),
('S1382', 'Bachelor', 6),
('S1383', 'High School', 9),
('S1384', 'High School', 9),
('S1385', 'Bachelor', 2),
('S1386', 'High School', 4),
('S1387', 'Bachelor', 9),
('S1388', 'High School', 4),
('S1389', 'High School', 8),
('S1390', 'High School', 10),
('S1391', NULL, 3),
('S1392', 'High School', 3),
('S1393', 'Bachelor', 9),
('S1394', 'Bachelor', 10),
('S1395', 'High School', 8),
('S1396', 'Master', 1),
('S1397', 'Bachelor', 10),
('S1398', 'Master', 2),
('S1399', 'Bachelor', 3),
('S1400', 'Bachelor', 2),
('S1401', NULL, 3),
('S1402', 'High School', 8),
('S1403', NULL, 6),
('S1404', 'Bachelor', 7),
('S1405', 'High School', 10),
('S1406', 'Bachelor', 10),
('S1407', 'High School', 6),
('S1408', 'Bachelor', 1),
('S1409', 'High School', 3),
('S1410', 'High School', 1),
('S1411', 'High School', 10),
('S1412', 'High School', 9),
('S1413', 'High School', 9),
('S1414', 'Bachelor', 5),
('S1415', NULL, 4),
('S1416', 'High School', 9),
('S1417', 'Bachelor', 9),
('S1418', NULL, 3),
('S1419', 'Master', 5),
('S1420', 'Master', 3),
('S1421', NULL, 10),
('S1422', 'High School', 2),
('S1423', 'High School', 1),
('S1424', 'Bachelor', 10),
('S1425', 'Bachelor', 2),
('S1426', 'Bachelor', 8),
('S1427', 'Bachelor', 8),
('S1428', 'High School', 3),
('S1429', 'Bachelor', 7),
('S1430', 'Bachelor', 7),
('S1431', 'Bachelor', 2),
('S1432', 'Master', 9),
('S1433', 'Bachelor', 3),
('S1434', 'High School', 2),
('S1435', 'High School', 3),
('S1436', 'High School', 2),
('S1437', NULL, 8),
('S1438', 'Master', 5),
('S1439', 'High School', 3),
('S1440', 'Bachelor', 5),
('S1441', 'Bachelor', 8),
('S1442', NULL, 7),
('S1443', 'Master', 6),
('S1444', 'Master', 1),
('S1445', 'Bachelor', 10),
('S1446', 'High School', 1),
('S1447', 'High School', 1),
('S1448', 'High School', 10),
('S1449', 'High School', 8),
('S1450', 'Bachelor', 8),
('S1451', 'Master', 7),
('S1452', 'Bachelor', 6),
('S1453', 'Master', 4),
('S1454', 'Bachelor', 1),
('S1455', 'High School', 9),
('S1456', 'Master', 1),
('S1457', 'High School', 4),
('S1458', 'Master', 3),
('S1459', 'High School', 7),
('S1460', 'High School', 5),
('S1461', 'Master', 5),
('S1462', 'Bachelor', 4),
('S1463', 'Master', 1),
('S1464', 'Master', 5),
('S1465', NULL, 4),
('S1466', 'Bachelor', 10),
('S1467', 'High School', 8),
('S1468', 'Bachelor', 2),
('S1469', 'Bachelor', 8),
('S1470', 'High School', 1),
('S1471', 'Bachelor', 4),
('S1472', 'Bachelor', 3),
('S1473', 'High School', 5),
('S1474', 'Bachelor', 5),
('S1475', 'Bachelor', 5),
('S1476', 'Master', 4),
('S1477', 'High School', 8),
('S1478', 'High School', 3),
('S1479', 'Bachelor', 4),
('S1480', NULL, 1),
('S1481', 'Master', 7),
('S1482', NULL, 1),
('S1483', 'Bachelor', 2),
('S1484', 'Bachelor', 7),
('S1485', 'High School', 1),
('S1486', NULL, 3),
('S1487', 'Bachelor', 6),
('S1488', 'Bachelor', 6),
('S1489', 'High School', 6),
('S1490', 'Master', 2),
('S1491', 'High School', 2),
('S1492', 'High School', 6),
('S1493', 'Bachelor', 10),
('S1494', 'High School', 5),
('S1495', 'Master', 7),
('S1496', 'High School', 7),
('S1497', NULL, 5),
('S1498', 'High School', 8),
('S1499', 'Bachelor', 10),
('S1500', 'Bachelor', 6),
('S1501', 'Bachelor', 5),
('S1502', NULL, 4),
('S1503', 'High School', 7),
('S1504', 'Bachelor', 4),
('S1505', NULL, 5),
('S1506', 'Master', 5),
('S1507', NULL, 1),
('S1508', 'Bachelor', 1),
('S1509', 'High School', 3),
('S1510', 'Bachelor', 3),
('S1511', 'High School', 2),
('S1512', NULL, 2),
('S1513', 'High School', 6),
('S1514', 'High School', 1),
('S1515', 'High School', 6),
('S1516', 'Bachelor', 5),
('S1517', 'Bachelor', 6),
('S1518', 'Bachelor', 5),
('S1519', 'Bachelor', 7),
('S1520', 'Bachelor', 1),
('S1521', 'High School', 3),
('S1522', 'High School', 6),
('S1523', 'High School', 1),
('S1524', 'Bachelor', 7),
('S1525', 'High School', 4),
('S1526', NULL, 3),
('S1527', 'Bachelor', 10),
('S1528', 'High School', 9),
('S1529', 'Master', 1),
('S1530', 'Master', 8),
('S1531', NULL, 1),
('S1532', 'High School', 5),
('S1533', 'High School', 10),
('S1534', 'Bachelor', 8),
('S1535', 'High School', 6),
('S1536', 'Bachelor', 7),
('S1537', 'Bachelor', 8),
('S1538', 'High School', 6),
('S1539', NULL, 6),
('S1540', 'Bachelor', 6),
('S1541', 'High School', 5),
('S1542', 'Bachelor', 8),
('S1543', 'High School', 2),
('S1544', 'Bachelor', 7),
('S1545', 'Master', 4),
('S1546', 'Master', 1),
('S1547', 'High School', 5),
('S1548', 'High School', 3),
('S1549', 'Bachelor', 4),
('S1550', 'High School', 7),
('S1551', 'High School', 5),
('S1552', 'Master', 4),
('S1553', 'High School', 1),
('S1554', NULL, 6),
('S1555', NULL, 10),
('S1556', 'Bachelor', 6),
('S1557', 'Bachelor', 7),
('S1558', 'High School', 1),
('S1559', 'High School', 4),
('S1560', 'High School', 9),
('S1561', 'Bachelor', 10),
('S1562', NULL, 6),
('S1563', 'Master', 2),
('S1564', 'High School', 4),
('S1565', 'Master', 6),
('S1566', 'High School', 4),
('S1567', 'Bachelor', 10),
('S1568', 'High School', 7),
('S1569', NULL, 3),
('S1570', 'Master', 6),
('S1571', 'Master', 4),
('S1572', 'High School', 3),
('S1573', 'Bachelor', 3),
('S1574', 'Bachelor', 2),
('S1575', 'Master', 3),
('S1576', 'High School', 10),
('S1577', 'Bachelor', 1),
('S1578', 'High School', 3),
('S1579', 'High School', 9),
('S1580', 'Master', 4),
('S1581', 'High School', 3),
('S1582', 'High School', 8),
('S1583', 'Bachelor', 1),
('S1584', 'Bachelor', 5),
('S1585', 'High School', 1),
('S1586', 'High School', 7),
('S1587', 'Master', 5),
('S1588', 'High School', 2),
('S1589', 'Bachelor', 1),
('S1590', 'Bachelor', 7),
('S1591', 'High School', 1),
('S1592', 'Master', 3),
('S1593', 'Bachelor', 6),
('S1594', 'High School', 6),
('S1595', 'Bachelor', 7),
('S1596', 'Bachelor', 1),
('S1597', 'Bachelor', 7),
('S1598', 'Master', 2),
('S1599', 'High School', 6),
('S1600', 'High School', 8),
('S1601', 'High School', 5),
('S1602', NULL, 10),
('S1603', NULL, 3),
('S1604', 'Master', 8),
('S1605', 'Bachelor', 8),
('S1606', 'Bachelor', 4),
('S1607', 'Bachelor', 8),
('S1608', 'Bachelor', 5),
('S1609', 'High School', 5),
('S1610', 'Master', 3),
('S1611', 'High School', 7),
('S1612', 'Master', 9),
('S1613', 'Bachelor', 9),
('S1614', 'High School', 1),
('S1615', 'Bachelor', 1),
('S1616', 'Bachelor', 10),
('S1617', 'High School', 5),
('S1618', 'Bachelor', 1),
('S1619', 'High School', 4),
('S1620', NULL, 1),
('S1621', 'Master', 2),
('S1622', 'Bachelor', 2),
('S1623', 'Master', 4),
('S1624', 'Bachelor', 8),
('S1625', 'High School', 2),
('S1626', 'Bachelor', 9),
('S1627', 'Bachelor', 9),
('S1628', 'Master', 2),
('S1629', 'High School', 1),
('S1630', 'Master', 10),
('S1631', 'Master', 10),
('S1632', 'Bachelor', 9),
('S1633', 'Master', 2),
('S1634', 'High School', 8),
('S1635', 'Master', 3),
('S1636', 'Bachelor', 1),
('S1637', NULL, 1),
('S1638', 'Master', 10),
('S1639', 'High School', 2),
('S1640', 'High School', 7),
('S1641', 'Bachelor', 6),
('S1642', 'High School', 2),
('S1643', 'High School', 4),
('S1644', 'Bachelor', 2),
('S1645', NULL, 1),
('S1646', 'High School', 3),
('S1647', NULL, 4),
('S1648', 'High School', 10),
('S1649', 'Bachelor', 5),
('S1650', 'Bachelor', 5),
('S1651', 'Master', 7),
('S1652', 'Bachelor', 10),
('S1653', 'High School', 8),
('S1654', 'Master', 9),
('S1655', 'Bachelor', 7),
('S1656', 'Bachelor', 5),
('S1657', 'Bachelor', 9),
('S1658', 'Master', 8),
('S1659', 'Bachelor', 10),
('S1660', 'High School', 9),
('S1661', 'Bachelor', 10),
('S1662', NULL, 8),
('S1663', 'High School', 6),
('S1664', 'High School', 4),
('S1665', 'High School', 9),
('S1666', NULL, 9),
('S1667', 'High School', 10),
('S1668', 'Bachelor', 10),
('S1669', 'Bachelor', 9),
('S1670', 'Master', 10),
('S1671', 'High School', 3),
('S1672', 'Bachelor', 3),
('S1673', 'Master', 6),
('S1674', 'High School', 6),
('S1675', 'Bachelor', 6),
('S1676', 'Bachelor', 5),
('S1677', NULL, 5),
('S1678', 'Master', 2),
('S1679', 'Bachelor', 7),
('S1680', NULL, 4),
('S1681', NULL, 3),
('S1682', NULL, 8),
('S1683', 'High School', 4),
('S1684', 'Bachelor', 4),
('S1685', 'Bachelor', 8),
('S1686', 'High School', 1),
('S1687', 'Master', 9),
('S1688', 'High School', 7),
('S1689', NULL, 2),
('S1690', 'High School', 6),
('S1691', 'Bachelor', 8),
('S1692', 'High School', 5),
('S1693', 'High School', 6),
('S1694', 'High School', 10),
('S1695', 'Bachelor', 8),
('S1696', 'Master', 6),
('S1697', 'High School', 9),
('S1698', 'High School', 9),
('S1699', 'Bachelor', 9),
('S1700', 'Bachelor', 6),
('S1701', 'High School', 9),
('S1702', 'Master', 3),
('S1703', 'Bachelor', 5),
('S1704', 'High School', 2),
('S1705', 'Bachelor', 8),
('S1706', 'Master', 4),
('S1707', 'Bachelor', 6),
('S1708', NULL, 6),
('S1709', 'High School', 5),
('S1710', 'High School', 1),
('S1711', 'High School', 7),
('S1712', 'Bachelor', 10),
('S1713', 'Bachelor', 8),
('S1714', 'Bachelor', 1),
('S1715', 'Master', 10),
('S1716', 'High School', 7),
('S1717', 'Master', 4),
('S1718', 'Bachelor', 6),
('S1719', 'High School', 9),
('S1720', 'Bachelor', 5),
('S1721', 'High School', 8),
('S1722', 'Bachelor', 5),
('S1723', 'Bachelor', 2),
('S1724', 'High School', 4),
('S1725', 'Bachelor', 2),
('S1726', 'Bachelor', 7),
('S1727', 'High School', 7),
('S1728', NULL, 3),
('S1729', 'High School', 7),
('S1730', 'Bachelor', 1),
('S1731', 'Master', 1),
('S1732', 'Master', 9),
('S1733', 'Bachelor', 6),
('S1734', 'Bachelor', 5),
('S1735', 'High School', 6),
('S1736', 'Bachelor', 6),
('S1737', 'High School', 1),
('S1738', 'High School', 5),
('S1739', 'Bachelor', 9),
('S1740', NULL, 4),
('S1741', 'Bachelor', 3),
('S1742', 'Bachelor', 1),
('S1743', 'High School', 2),
('S1744', 'High School', 3),
('S1745', 'Master', 4),
('S1746', 'Bachelor', 7),
('S1747', 'High School', 6),
('S1748', 'High School', 8),
('S1749', 'Bachelor', 9),
('S1750', 'Bachelor', 6),
('S1751', 'High School', 7),
('S1752', 'High School', 4),
('S1753', 'Master', 2),
('S1754', 'Bachelor', 9),
('S1755', 'Master', 9),
('S1756', 'Bachelor', 4),
('S1757', 'Master', 3),
('S1758', 'High School', 10),
('S1759', 'Bachelor', 6),
('S1760', NULL, 3),
('S1761', 'Bachelor', 1),
('S1762', 'High School', 4),
('S1763', 'High School', 1),
('S1764', 'Master', 2),
('S1765', 'Master', 3),
('S1766', NULL, 8),
('S1767', 'Bachelor', 10),
('S1768', 'High School', 4),
('S1769', 'High School', 4),
('S1770', 'Bachelor', 10),
('S1771', 'High School', 9),
('S1772', 'Master', 7),
('S1773', 'High School', 2),
('S1774', 'Bachelor', 3),
('S1775', 'Bachelor', 4),
('S1776', 'High School', 4),
('S1777', 'High School', 10),
('S1778', 'Bachelor', 8),
('S1779', 'Bachelor', 10),
('S1780', 'High School', 10),
('S1781', 'Bachelor', 6),
('S1782', NULL, 3),
('S1783', 'High School', 9),
('S1784', 'High School', 10),
('S1785', NULL, 8),
('S1786', 'Bachelor', 9),
('S1787', 'Bachelor', 5),
('S1788', 'Master', 3),
('S1789', 'Bachelor', 4),
('S1790', 'Master', 5),
('S1791', 'Bachelor', 9),
('S1792', 'Bachelor', 9),
('S1793', 'Master', 3),
('S1794', 'Bachelor', 7),
('S1795', NULL, 6),
('S1796', 'Bachelor', 4),
('S1797', 'Master', 5),
('S1798', 'Bachelor', 10),
('S1799', 'Bachelor', 2),
('S1800', 'Bachelor', 7),
('S1801', 'Master', 4),
('S1802', NULL, 2),
('S1803', 'Bachelor', 6),
('S1804', 'High School', 2),
('S1805', 'Bachelor', 10),
('S1806', 'Bachelor', 2),
('S1807', 'High School', 7),
('S1808', 'High School', 1),
('S1809', 'Bachelor', 7),
('S1810', 'High School', 10),
('S1811', 'High School', 5),
('S1812', 'Bachelor', 1),
('S1813', 'High School', 6),
('S1814', 'High School', 7),
('S1815', 'Master', 1),
('S1816', 'High School', 9),
('S1817', 'High School', 7),
('S1818', 'Bachelor', 1),
('S1819', 'Bachelor', 3),
('S1820', 'Master', 5),
('S1821', 'Master', 4),
('S1822', 'Bachelor', 2),
('S1823', 'High School', 1),
('S1824', NULL, 4),
('S1825', 'High School', 7),
('S1826', 'High School', 4),
('S1827', 'Bachelor', 9),
('S1828', 'Bachelor', 8),
('S1829', NULL, 8),
('S1830', 'Bachelor', 5),
('S1831', 'High School', 1),
('S1832', 'High School', 9),
('S1833', 'Bachelor', 2),
('S1834', 'High School', 6),
('S1835', 'High School', 10),
('S1836', NULL, 5),
('S1837', 'High School', 10),
('S1838', 'Bachelor', 8),
('S1839', 'Master', 3),
('S1840', 'High School', 6),
('S1841', 'High School', 6),
('S1842', 'Bachelor', 10),
('S1843', 'Master', 3),
('S1844', 'High School', 7),
('S1845', 'High School', 4),
('S1846', 'Bachelor', 5),
('S1847', 'Bachelor', 9),
('S1848', 'High School', 6),
('S1849', 'Bachelor', 10),
('S1850', 'High School', 4),
('S1851', 'Bachelor', 8),
('S1852', 'Bachelor', 9),
('S1853', 'Master', 10),
('S1854', 'High School', 5),
('S1855', 'High School', 2),
('S1856', 'High School', 6),
('S1857', 'Master', 8),
('S1858', 'High School', 5),
('S1859', 'High School', 1),
('S1860', 'High School', 8),
('S1861', 'Bachelor', 9),
('S1862', 'High School', 1),
('S1863', 'High School', 8),
('S1864', 'High School', 10),
('S1865', 'Master', 2),
('S1866', 'Bachelor', 4),
('S1867', 'Bachelor', 2),
('S1868', 'Master', 2),
('S1869', 'Master', 10),
('S1870', 'High School', 3),
('S1871', 'Master', 8),
('S1872', NULL, 4),
('S1873', 'High School', 7),
('S1874', 'Master', 10),
('S1875', 'High School', 3),
('S1876', 'High School', 10),
('S1877', 'High School', 3),
('S1878', 'Bachelor', 2),
('S1879', 'High School', 6),
('S1880', 'Bachelor', 6),
('S1881', 'Master', 1),
('S1882', 'Bachelor', 7),
('S1883', 'High School', 4),
('S1884', 'Master', 3),
('S1885', 'High School', 8),
('S1886', 'High School', 2),
('S1887', NULL, 9),
('S1888', 'Bachelor', 8),
('S1889', 'High School', 8),
('S1890', 'High School', 3),
('S1891', 'High School', 4),
('S1892', 'High School', 2),
('S1893', 'Bachelor', 2),
('S1894', 'Bachelor', 4),
('S1895', 'Bachelor', 6),
('S1896', 'High School', 5),
('S1897', 'High School', 1),
('S1898', 'Master', 10),
('S1899', NULL, 1),
('S1900', 'Master', 6),
('S1901', 'High School', 3),
('S1902', 'Master', 3),
('S1903', 'High School', 7),
('S1904', 'High School', 1),
('S1905', 'Bachelor', 1),
('S1906', 'Bachelor', 10),
('S1907', 'High School', 3),
('S1908', 'Bachelor', 8),
('S1909', 'Bachelor', 1),
('S1910', NULL, 10),
('S1911', NULL, 4),
('S1912', 'High School', 9),
('S1913', 'High School', 4),
('S1914', 'Bachelor', 10),
('S1915', 'High School', 8),
('S1916', 'High School', 7),
('S1917', 'High School', 3),
('S1918', 'Bachelor', 7),
('S1919', 'High School', 7),
('S1920', NULL, 10),
('S1921', NULL, 3),
('S1922', 'Master', 2),
('S1923', 'High School', 9),
('S1924', 'Bachelor', 1),
('S1925', NULL, 7),
('S1926', 'High School', 4),
('S1927', 'Bachelor', 2),
('S1928', 'High School', 2),
('S1929', 'Master', 8),
('S1930', 'Master', 7),
('S1931', 'Bachelor', 7),
('S1932', 'Bachelor', 5),
('S1933', 'High School', 10),
('S1934', 'High School', 8),
('S1935', 'Master', 2),
('S1936', 'Bachelor', 2),
('S1937', 'Bachelor', 5),
('S1938', 'High School', 1),
('S1939', NULL, 6),
('S1940', 'Master', 4),
('S1941', 'High School', 6),
('S1942', 'High School', 7),
('S1943', 'High School', 3),
('S1944', 'Bachelor', 8),
('S1945', NULL, 7),
('S1946', 'Bachelor', 1),
('S1947', 'High School', 6),
('S1948', 'Master', 7),
('S1949', 'Bachelor', 4),
('S1950', 'High School', 2),
('S1951', 'Bachelor', 10),
('S1952', 'High School', 9),
('S1953', 'High School', 7),
('S1954', 'Master', 1),
('S1955', 'High School', 8),
('S1956', 'High School', 3),
('S1957', 'High School', 4),
('S1958', 'High School', 5),
('S1959', 'Master', 1),
('S1960', 'High School', 6),
('S1961', 'Master', 10),
('S1962', 'Master', 6),
('S1963', 'High School', 2),
('S1964', 'High School', 10),
('S1965', 'Master', 6),
('S1966', 'High School', 8),
('S1967', NULL, 6),
('S1968', 'High School', 4),
('S1969', 'Bachelor', 4),
('S1970', 'Bachelor', 9),
('S1971', 'High School', 6),
('S1972', 'High School', 8),
('S1973', 'Master', 8),
('S1974', 'Bachelor', 7),
('S1975', 'Bachelor', 3),
('S1976', 'Bachelor', 10),
('S1977', 'High School', 1),
('S1978', 'Bachelor', 5),
('S1979', 'High School', 10),
('S1980', 'High School', 10),
('S1981', 'Bachelor', 2),
('S1982', 'High School', 10),
('S1983', 'Master', 2),
('S1984', 'High School', 7),
('S1985', 'Master', 3),
('S1986', 'Master', 8),
('S1987', 'High School', 9),
('S1988', 'Bachelor', 8),
('S1989', 'High School', 6),
('S1990', 'Master', 5),
('S1991', 'High School', 3),
('S1992', 'Bachelor', 3),
('S1993', 'High School', 7),
('S1994', 'High School', 5),
('S1995', 'High School', 6),
('S1996', 'High School', 6),
('S1997', 'Bachelor', 9),
('S1998', 'Bachelor', 1),
('S1999', 'Bachelor', 8);

-- --------------------------------------------------------

--
-- Table structure for table `student_habits`
--

CREATE TABLE `student_habits` (
  `student_id` varchar(10) NOT NULL,
  `study_hours_per_day` float DEFAULT NULL,
  `social_media_hours` float DEFAULT NULL,
  `netflix_hours` float DEFAULT NULL,
  `sleep_hours` float DEFAULT NULL,
  `diet_quality` varchar(10) DEFAULT NULL,
  `exercise_frequency` int(11) DEFAULT NULL
) ENGINE=InnoDB DEFAULT CHARSET=utf8mb4 COLLATE=utf8mb4_general_ci;

--
-- Dumping data for table `student_habits`
--

INSERT INTO `student_habits` (`student_id`, `study_hours_per_day`, `social_media_hours`, `netflix_hours`, `sleep_hours`, `diet_quality`, `exercise_frequency`) VALUES
('S1000', 0, 1.2, 1.1, 8, 'Fair', 6),
('S1001', 6.9, 2.8, 2.3, 4.6, 'Good', 6),
('S1002', 1.4, 3.1, 1.3, 8, 'Poor', 1),
('S1003', 1, 3.9, 1, 9.2, 'Poor', 4),
('S1004', 5, 4.4, 0.5, 4.9, 'Fair', 3),
('S1005', 7.2, 1.3, 0, 7.4, 'Fair', 1),
('S1006', 5.6, 1.5, 1.4, 6.5, 'Good', 2),
('S1007', 4.3, 1, 2, 4.6, 'Fair', 0),
('S1008', 4.4, 2.2, 1.7, 7.1, 'Good', 3),
('S1009', 4.8, 3.1, 1.3, 7.5, 'Good', 5),
('S1010', 4.6, 3.7, 0.8, 5.8, 'Fair', 1),
('S1011', 3.9, 2.4, 2.5, 7.9, 'Fair', 2),
('S1012', 3.7, 2.1, 0.4, 4.5, 'Fair', 1),
('S1013', 3.4, 2.7, 2.7, 4.7, 'Fair', 4),
('S1014', 2.4, 1.5, 0.7, 6.7, 'Poor', 6),
('S1015', 3.1, 5, 1, 6.5, 'Good', 6),
('S1016', 1, 0.6, 0.2, 5.6, 'Poor', 3),
('S1017', 3.4, 2.7, 1.2, 7.5, 'Poor', 0),
('S1018', 2, 4.9, 2.9, 7.1, 'Good', 2),
('S1019', 1.8, 2.5, 2.4, 7.5, 'Fair', 1),
('S1020', 3.8, 2.3, 2.9, 6.4, 'Good', 3),
('S1021', 5.6, 2.1, 2.4, 7.2, 'Fair', 1),
('S1022', 4.9, 2.3, 0.6, 6, 'Fair', 3),
('S1023', 1.1, 4.1, 1.4, 9, 'Fair', 6),
('S1024', 2, 0, 0.9, 5.5, 'Fair', 4),
('S1025', 4.9, 4.3, 3.3, 9, 'Fair', 1),
('S1026', 2, 0.8, 0.5, 6.5, 'Good', 4),
('S1027', 3.2, 2.2, 2.8, 4.8, 'Fair', 5),
('S1028', 4.3, 2, 2.8, 8.1, 'Good', 5),
('S1029', 2, 3.2, 3.8, 6.7, 'Poor', 6),
('S1030', 3.7, 0.6, 1.3, 7.5, 'Fair', 2),
('S1031', 1.5, 3.1, 2.6, 8, 'Fair', 4),
('S1032', 2.6, 4.9, 4.3, 6.9, 'Good', 3),
('S1033', 4, 0.9, 1.1, 5.8, 'Poor', 2),
('S1034', 1.1, 2.7, 0.1, 7.7, 'Fair', 1),
('S1035', 4.2, 1.7, 0, 6.5, 'Good', 1),
('S1036', 3.5, 3, 2.6, 7.3, 'Fair', 3),
('S1037', 4.3, 2.5, 0, 3.9, 'Good', 0),
('S1038', 3.8, 1.7, 1.4, 7, 'Poor', 0),
('S1039', 5.5, 3.1, 2.3, 5.7, 'Good', 1),
('S1040', 3.7, 4.7, 2, 8.5, 'Good', 6),
('S1041', 2.9, 2.3, 2.3, 7.2, 'Good', 6),
('S1042', 3.7, 3.4, 2, 6.8, 'Fair', 3),
('S1043', 4.3, 0.9, 3.2, 7.1, 'Poor', 0),
('S1044', 3.6, 1.4, 0.8, 5.3, 'Good', 4),
('S1045', 3.6, 3.1, 1.1, 8.4, 'Fair', 1),
('S1046', 2.4, 4.3, 1, 8.9, 'Poor', 5),
('S1047', 2.5, 2.9, 2.7, 7, 'Good', 4),
('S1048', 1.4, 2.1, 2.8, 8.4, 'Fair', 3),
('S1049', 6.1, 2.5, 2.3, 5.8, 'Poor', 5),
('S1050', 1.6, 1, 3.1, 5.5, 'Fair', 4),
('S1051', 2.5, 3.2, 0.5, 6.5, 'Poor', 0),
('S1052', 2.4, 3.6, 3.6, 7, 'Fair', 6),
('S1053', 4.8, 2, 3.5, 6, 'Good', 0),
('S1054', 3.1, 1.9, 2.6, 7.1, 'Fair', 5),
('S1055', 5.4, 2.8, 3.8, 6.9, 'Good', 2),
('S1056', 2.5, 2, 0, 5.3, 'Good', 6),
('S1057', 3.9, 2.4, 1.2, 7.1, 'Good', 1),
('S1058', 2.2, 5, 1, 7.5, 'Poor', 5),
('S1059', 6.7, 2.2, 2.6, 6.7, 'Good', 3),
('S1060', 1.7, 2.1, 0.6, 7.9, 'Fair', 1),
('S1061', 4, 1.7, 2.6, 5, 'Fair', 4),
('S1062', 4.5, 3.4, 3.3, 7.1, 'Good', 6),
('S1063', 4.1, 2.3, 2.6, 5.1, 'Fair', 3),
('S1064', 3.2, 1.7, 2.1, 5.2, 'Good', 3),
('S1065', 3.3, 4.1, 0.7, 5.7, 'Poor', 0),
('S1066', 3.6, 4.2, 0.9, 5.4, 'Good', 4),
('S1067', 3.3, 1.8, 3.2, 5.8, 'Poor', 0),
('S1068', 4.9, 0.3, 2.7, 6.2, 'Good', 0),
('S1069', 6.8, 3.7, 1.8, 7.5, 'Poor', 6),
('S1070', 2.7, 1.7, 1.3, 6.1, 'Poor', 2),
('S1071', 1.4, 3.4, 0, 4.6, 'Fair', 0),
('S1072', 3.4, 0.1, 0.6, 7.9, 'Fair', 1),
('S1073', 7.4, 3.6, 3.9, 5.5, 'Fair', 3),
('S1074', 2.3, 1, 0.4, 6.4, 'Fair', 6),
('S1075', 6, 3.4, 2, 7, 'Fair', 0),
('S1076', 6, 2.5, 2.9, 6.7, 'Poor', 5),
('S1077', 2.7, 1.4, 0.4, 7.8, 'Fair', 1),
('S1078', 4.4, 2, 2, 7.1, 'Good', 4),
('S1079', 5.9, 3.3, 2.8, 5.5, 'Good', 3),
('S1080', 2.9, 2.6, 1.8, 9.1, 'Good', 6),
('S1081', 3.2, 3.2, 5, 6.7, 'Good', 5),
('S1082', 2.6, 4.9, 0, 6.3, 'Fair', 6),
('S1083', 2, 0.6, 3, 7.7, 'Poor', 6),
('S1084', 2.5, 4.4, 1.6, 6.8, 'Fair', 5),
('S1085', 1.7, 2.6, 2.6, 7, 'Good', 4),
('S1086', 3.6, 1.4, 2.3, 9.5, 'Good', 5),
('S1087', 2.3, 0.9, 1, 6.2, 'Fair', 1),
('S1088', 3.9, 2.3, 2.1, 6.1, 'Poor', 6),
('S1089', 1.2, 3.6, 0, 6.6, 'Poor', 4),
('S1090', 4, 2.3, 2.5, 7.8, 'Fair', 6),
('S1091', 4.8, 4.3, 2.1, 4.7, 'Fair', 5),
('S1092', 0.5, 0.8, 2.5, 4.1, 'Poor', 4),
('S1093', 4.1, 2.5, 3, 5.8, 'Good', 4),
('S1094', 5.3, 1, 2.2, 4.5, 'Fair', 0),
('S1095', 1.7, 2.9, 2, 6, 'Good', 0),
('S1096', 6, 3.6, 0.8, 7.1, 'Good', 0),
('S1097', 4.1, 2, 1, 5.4, 'Good', 5),
('S1098', 2.4, 0, 3.1, 4.8, 'Good', 3),
('S1099', 3.4, 2.7, 3.4, 6.6, 'Good', 1),
('S1100', 4.3, 3, 1.5, 7.5, 'Good', 5),
('S1101', 3.6, 3, 1.9, 4.5, 'Good', 6),
('S1102', 4.3, 4, 0.8, 7.5, 'Fair', 0),
('S1103', 2.1, 1.2, 3.1, 7.5, 'Good', 4),
('S1104', 3.8, 3.3, 2.5, 7.6, 'Good', 5),
('S1105', 1.4, 3.9, 3.9, 8, 'Good', 4),
('S1106', 3.3, 0.4, 0.8, 9.1, 'Good', 6),
('S1107', 2.1, 2.9, 1.4, 6.1, 'Fair', 4),
('S1108', 2.4, 1.9, 2.1, 6.6, 'Poor', 4),
('S1109', 5.4, 2.4, 2.5, 6, 'Fair', 2),
('S1110', 5.1, 2.9, 1.6, 6.5, 'Fair', 3),
('S1111', 4.4, 1.9, 0.8, 8.3, 'Good', 1),
('S1112', 1.9, 1.7, 2.8, 4.9, 'Fair', 1),
('S1113', 3, 2.5, 2.6, 5.5, 'Fair', 0),
('S1114', 5.3, 1.2, 0.8, 8.2, 'Fair', 2),
('S1115', 3.7, 1.2, 3.3, 7.7, 'Poor', 5),
('S1116', 7, 3.3, 3.1, 6.1, 'Good', 5),
('S1117', 4.1, 1.1, 1.9, 7.5, 'Good', 1),
('S1118', 3.8, 3.3, 1.9, 6.9, 'Poor', 3),
('S1119', 3, 3.1, 2.4, 8.3, 'Fair', 4),
('S1120', 3.7, 0.4, 0.9, 6.6, 'Fair', 6),
('S1121', 3.3, 1.7, 1.8, 7.7, 'Poor', 0),
('S1122', 4.6, 3.9, 0, 9.7, 'Poor', 3),
('S1123', 4.9, 1.3, 2.8, 7.2, 'Good', 1),
('S1124', 2.3, 1.9, 0.1, 6.6, 'Fair', 2),
('S1125', 1.5, 3.1, 3.5, 7.4, 'Fair', 0),
('S1126', 0.7, 3.4, 1.4, 6.1, 'Poor', 1),
('S1127', 4.3, 2.2, 1.6, 9.4, 'Good', 5),
('S1128', 1.8, 1.8, 1.1, 6.7, 'Good', 0),
('S1129', 0.3, 4.2, 1.5, 6.2, 'Good', 1),
('S1130', 4.1, 4.6, 3.4, 5.5, 'Poor', 5),
('S1131', 7.2, 3.7, 0, 7.8, 'Good', 6),
('S1132', 3.5, 2.6, 3.2, 7.5, 'Fair', 5),
('S1133', 4.8, 1.5, 2.2, 5.9, 'Fair', 4),
('S1134', 3.6, 1.5, 0.5, 7.2, 'Fair', 2),
('S1135', 3.4, 3.1, 0.6, 4.7, 'Fair', 4),
('S1136', 4.9, 3, 3.6, 6.7, 'Good', 1),
('S1137', 3.1, 4.2, 0.8, 7, 'Good', 6),
('S1138', 3.9, 3.3, 0.5, 8.5, 'Fair', 3),
('S1139', 4, 0.7, 3.1, 5.6, 'Good', 6),
('S1140', 2.5, 3.8, 2.2, 5, 'Good', 6),
('S1141', 5, 1.3, 0.8, 5.4, 'Good', 6),
('S1142', 3.2, 2, 2, 4.9, 'Fair', 4),
('S1143', 2.4, 2.8, 0.7, 8.1, 'Fair', 3),
('S1144', 4.3, 4.9, 3, 8.4, 'Fair', 5),
('S1145', 2.2, 6.2, 3, 6.9, 'Good', 1),
('S1146', 3.5, 3.2, 2.4, 8, 'Poor', 2),
('S1147', 3.5, 2.3, 2.2, 6.7, 'Fair', 3),
('S1148', 5.1, 3.1, 3.7, 6.4, 'Fair', 1),
('S1149', 4.2, 3.6, 1.8, 6.1, 'Fair', 3),
('S1150', 3.5, 2.1, 0.5, 6.1, 'Good', 4),
('S1151', 4.7, 4.7, 2.3, 4.6, 'Good', 1),
('S1152', 5.6, 2.8, 4.1, 6.8, 'Good', 4),
('S1153', 4.3, 3.1, 0.7, 6.5, 'Good', 0),
('S1154', 3.5, 3.3, 1.4, 7.4, 'Fair', 1),
('S1155', 1.5, 3, 2.3, 6.6, 'Fair', 3),
('S1156', 1.9, 3.5, 1.7, 6.3, 'Fair', 0),
('S1157', 3, 1.8, 0.7, 5.5, 'Poor', 4),
('S1158', 2.6, 1.8, 3, 6.6, 'Fair', 4),
('S1159', 3.2, 1.2, 4.4, 7.4, 'Good', 3),
('S1160', 3.6, 3, 2, 5.1, 'Fair', 0),
('S1161', 4.3, 3.4, 0.8, 6.6, 'Good', 6),
('S1162', 3.4, 3, 0.1, 6.8, 'Fair', 5),
('S1163', 4.2, 4.5, 2.1, 5.6, 'Poor', 2),
('S1164', 3.6, 2.5, 3, 5.8, 'Poor', 3),
('S1165', 0.5, 3.3, 2.3, 6.8, 'Fair', 4),
('S1166', 2.1, 1.2, 1.8, 5.1, 'Fair', 1),
('S1167', 3.3, 2, 1.2, 6.9, 'Poor', 0),
('S1168', 1.7, 3.3, 0.6, 5.4, 'Fair', 5),
('S1169', 4.4, 3.5, 2.7, 7.8, 'Fair', 2),
('S1170', 5.8, 2.1, 2.8, 9.3, 'Fair', 1),
('S1171', 5.3, 2.4, 0.1, 5.5, 'Good', 0),
('S1172', 3.2, 0.7, 3.5, 7.1, 'Good', 5),
('S1173', 5.7, 2.1, 2.4, 5.6, 'Fair', 3),
('S1174', 3.7, 3.6, 3.3, 7.7, 'Good', 5),
('S1175', 3, 3.2, 0.3, 5, 'Good', 3),
('S1176', 2.6, 3.1, 0.3, 7.1, 'Good', 6),
('S1177', 3, 2.6, 1.6, 5.5, 'Fair', 0),
('S1178', 2.9, 2.5, 2.4, 6.3, 'Poor', 5),
('S1179', 3.8, 1.7, 3.8, 5.3, 'Good', 2),
('S1180', 3.7, 3.3, 2.6, 7.5, 'Fair', 5),
('S1181', 3.5, 3, 1.5, 5.5, 'Good', 0),
('S1182', 4.2, 3.1, 0.7, 7.2, 'Good', 1),
('S1183', 5.3, 1.9, 3.2, 6.1, 'Fair', 1),
('S1184', 4.9, 0, 0.7, 6.4, 'Fair', 5),
('S1185', 1.3, 3.8, 3.6, 6.7, 'Fair', 5),
('S1186', 0, 1.9, 1.5, 5.6, 'Fair', 3),
('S1187', 4.9, 1.5, 3.5, 6.8, 'Fair', 0),
('S1188', 1.4, 3.3, 2.5, 8.3, 'Fair', 3),
('S1189', 3.2, 2, 1.6, 5.6, 'Fair', 2),
('S1190', 1.7, 3.8, 1.2, 7.9, 'Poor', 6),
('S1191', 0.8, 3.2, 1.4, 8.3, 'Good', 1),
('S1192', 4.3, 3.3, 2.3, 5.5, 'Poor', 4),
('S1193', 4.6, 0.9, 1.9, 4.8, 'Good', 4),
('S1194', 2.6, 4, 1.1, 6.9, 'Good', 0),
('S1195', 0, 2.8, 1.6, 5.8, 'Fair', 0),
('S1196', 2.7, 2.1, 1.9, 8.7, 'Good', 4),
('S1197', 4.1, 2.7, 0, 6.5, 'Fair', 0),
('S1198', 1.3, 0.4, 2.3, 5.5, 'Good', 1),
('S1199', 3.8, 3, 0.7, 5.1, 'Fair', 2),
('S1200', 3.5, 1.3, 0.5, 7.8, 'Fair', 2),
('S1201', 4.4, 0.9, 0, 5.8, 'Fair', 3),
('S1202', 3.7, 0.7, 0, 6.6, 'Fair', 1),
('S1203', 2, 3.8, 0.3, 7.6, 'Fair', 6),
('S1204', 5.3, 1.7, 1, 5.9, 'Fair', 0),
('S1205', 3.3, 4.3, 3.9, 6.4, 'Fair', 0),
('S1206', 3.5, 1.9, 1.2, 6.5, 'Poor', 6),
('S1207', 2.1, 0.5, 2, 7.3, 'Poor', 3),
('S1208', 2.8, 1.2, 2.2, 7.2, 'Fair', 3),
('S1209', 2.2, 4, 1.9, 6.2, 'Poor', 0),
('S1210', 3.2, 2.3, 1.7, 6.6, 'Poor', 0),
('S1211', 6.1, 1.8, 0.5, 6.1, 'Good', 6),
('S1212', 1.4, 2.7, 3.4, 4.7, 'Poor', 1),
('S1213', 1.1, 3.1, 3.8, 6.8, 'Good', 6),
('S1214', 5.7, 3.8, 0, 8.8, 'Fair', 3),
('S1215', 3.2, 4.2, 0.7, 5.4, 'Good', 6),
('S1216', 2.5, 2.1, 1.5, 5.6, 'Fair', 6),
('S1217', 5.1, 0.9, 0.7, 5.5, 'Fair', 6),
('S1218', 2.6, 2, 2.4, 7.4, 'Fair', 1),
('S1219', 6.2, 2.8, 1, 7, 'Fair', 5),
('S1220', 4.5, 1.3, 4.2, 6.3, 'Fair', 0),
('S1221', 2.8, 1.4, 3.1, 5.4, 'Poor', 4),
('S1222', 6.7, 2.9, 2, 6.6, 'Good', 6),
('S1223', 2.6, 2.4, 2.9, 4.6, 'Fair', 4),
('S1224', 4.6, 2.5, 3, 6.7, 'Fair', 5),
('S1225', 3.9, 1.6, 1.2, 7.5, 'Good', 0),
('S1226', 5.5, 2.2, 0.9, 5, 'Fair', 3),
('S1227', 5.8, 1.4, 1.9, 4.7, 'Good', 4),
('S1228', 3.5, 3.6, 2.7, 8.4, 'Fair', 3),
('S1229', 2.4, 3.7, 2, 5.8, 'Good', 4),
('S1230', 4.2, 0.3, 0.1, 7.9, 'Poor', 3),
('S1231', 2.5, 1.4, 0.9, 6.3, 'Good', 6),
('S1232', 6.5, 0.7, 1.7, 6.3, 'Good', 4),
('S1233', 3.7, 1.7, 1.7, 7, 'Fair', 3),
('S1234', 3, 2.4, 4, 5.4, 'Poor', 5),
('S1235', 3.8, 0.8, 0.3, 6.7, 'Fair', 1),
('S1236', 1.5, 1.4, 2.4, 6, 'Good', 3),
('S1237', 2, 1.3, 3.4, 4.9, 'Fair', 1),
('S1238', 5.3, 2.7, 4.3, 6.9, 'Fair', 1),
('S1239', 2.5, 2.6, 1.4, 6.2, 'Poor', 0),
('S1240', 1.9, 1.6, 2.3, 6.3, 'Fair', 6),
('S1241', 4.3, 2.7, 2.4, 5, 'Fair', 5),
('S1242', 5.3, 1.8, 2, 8.4, 'Good', 1),
('S1243', 4.6, 2.2, 1.7, 7.6, 'Fair', 2),
('S1244', 5, 4.5, 2.3, 7.7, 'Good', 6),
('S1245', 2.4, 4.1, 0, 6.1, 'Fair', 1),
('S1246', 1.4, 0.9, 2.6, 4.4, 'Poor', 3),
('S1247', 5.8, 3.5, 1.9, 8.8, 'Fair', 1),
('S1248', 3, 3.5, 1.6, 6.4, 'Fair', 3),
('S1249', 3.1, 1.1, 4.1, 5.6, 'Good', 3),
('S1250', 5.5, 3.5, 1.1, 7, 'Good', 2),
('S1251', 4.3, 4.3, 1.4, 7.9, 'Fair', 1),
('S1252', 4.2, 1.2, 4, 6.5, 'Fair', 1),
('S1253', 6.7, 1.4, 0.9, 8, 'Fair', 4),
('S1254', 2.5, 3.7, 1.2, 7.8, 'Good', 6),
('S1255', 4.9, 2.8, 1.6, 5.2, 'Good', 4),
('S1256', 3.6, 3.2, 2.7, 5.7, 'Good', 0),
('S1257', 3.9, 2.9, 2, 7.6, 'Fair', 3),
('S1258', 5.8, 3, 0.4, 3.2, 'Fair', 2),
('S1259', 4.3, 0.9, 1.2, 6.3, 'Fair', 4),
('S1260', 4.3, 3.8, 1.1, 4.8, 'Fair', 1),
('S1261', 5.1, 3.9, 1.7, 5.9, 'Fair', 0),
('S1262', 3, 2.2, 2.3, 6.1, 'Poor', 2),
('S1263', 2.2, 2.4, 2.3, 6.1, 'Poor', 5),
('S1264', 1.9, 0.7, 0, 5.8, 'Good', 1),
('S1265', 0.6, 3.1, 3, 5.2, 'Good', 1),
('S1266', 6.6, 3.2, 2.1, 9.3, 'Fair', 5),
('S1267', 1.8, 2.4, 3.3, 8.7, 'Fair', 3),
('S1268', 3.2, 3.8, 2.3, 5.1, 'Fair', 3),
('S1269', 3.1, 2.1, 3, 8.4, 'Good', 4),
('S1270', 4, 3.2, 2.3, 6, 'Good', 4),
('S1271', 4.7, 1.3, 3.3, 6.7, 'Good', 1),
('S1272', 4.8, 2.5, 2.4, 6.4, 'Good', 6),
('S1273', 2.6, 2.3, 1.7, 5.7, 'Fair', 1),
('S1274', 3.2, 2.8, 4.3, 7.7, 'Fair', 4),
('S1275', 3.9, 2.1, 2.8, 6.7, 'Fair', 5),
('S1276', 3.1, 2.3, 2.4, 5.9, 'Fair', 4),
('S1277', 5.9, 3.5, 0.4, 4.9, 'Good', 1),
('S1278', 4.2, 2, 0.4, 5.4, 'Fair', 2),
('S1279', 4.6, 0.6, 2.1, 4.5, 'Poor', 1),
('S1280', 4.5, 4.6, 2, 6.5, 'Fair', 2),
('S1281', 5.3, 4.2, 1.1, 5.1, 'Good', 2),
('S1282', 3.8, 0.9, 2, 6.2, 'Fair', 1),
('S1283', 1.6, 3.3, 3.5, 8.1, 'Good', 6),
('S1284', 4.1, 1.9, 2.6, 7.9, 'Fair', 6),
('S1285', 2.5, 2.8, 0.5, 6.5, 'Poor', 0),
('S1286', 2.7, 2.9, 1.7, 6.4, 'Fair', 4),
('S1287', 4.4, 2.2, 0.9, 8.8, 'Good', 6),
('S1288', 5.4, 1.6, 1.4, 7.1, 'Fair', 3),
('S1289', 3.5, 1.7, 1.3, 6.1, 'Good', 1),
('S1290', 4, 1.4, 1.3, 4.8, 'Fair', 2),
('S1291', 6.1, 1.5, 0.4, 7, 'Poor', 1),
('S1292', 3.9, 2.4, 1.7, 7.5, 'Good', 4),
('S1293', 7.4, 1.6, 1.2, 5.7, 'Fair', 5),
('S1294', 4.3, 3.3, 0, 6.8, 'Fair', 6),
('S1295', 0.9, 4.3, 4.1, 6.1, 'Good', 6),
('S1296', 4.6, 1.8, 3, 6.3, 'Fair', 6),
('S1297', 4.1, 2.8, 1.4, 3.5, 'Good', 2),
('S1298', 5.4, 3.1, 1.8, 6.2, 'Poor', 3),
('S1299', 4.5, 3.1, 0.5, 7.7, 'Fair', 3),
('S1300', 3.3, 2.6, 3.7, 5.7, 'Poor', 6),
('S1301', 1.7, 3.4, 3.9, 6.6, 'Good', 3),
('S1302', 3.2, 3.1, 2, 5.6, 'Fair', 5),
('S1303', 2.2, 1, 2.9, 6.9, 'Good', 6),
('S1304', 2.6, 3.5, 2, 6.2, 'Good', 0),
('S1305', 4.4, 3.6, 0.3, 5.4, 'Fair', 2),
('S1306', 6, 1.6, 1.3, 8.1, 'Fair', 5),
('S1307', 4.1, 2.5, 1.9, 7.6, 'Fair', 2),
('S1308', 1.7, 3.3, 1.3, 5.8, 'Fair', 6),
('S1309', 4.2, 2.2, 1.6, 7.1, 'Fair', 5),
('S1310', 5.3, 3.8, 1.7, 7.1, 'Good', 6),
('S1311', 2.6, 5.3, 1.7, 7.3, 'Good', 5),
('S1312', 3.3, 1.6, 1.9, 4.5, 'Good', 6),
('S1313', 3.5, 0.8, 0.6, 7.7, 'Good', 0),
('S1314', 2.3, 2.9, 1, 5.8, 'Good', 2),
('S1315', 4.5, 3.4, 0.4, 6.1, 'Fair', 5),
('S1316', 3.3, 2.2, 2.9, 9.7, 'Good', 0),
('S1317', 4.1, 4.2, 0, 6.9, 'Good', 1),
('S1318', 2.2, 0.9, 3.1, 6, 'Fair', 6),
('S1319', 2.8, 3.3, 3.3, 3.9, 'Good', 4),
('S1320', 4.6, 1.8, 1.5, 8.2, 'Fair', 5),
('S1321', 2.9, 4.6, 0, 4.9, 'Good', 3),
('S1322', 6.1, 4.9, 1.4, 5.3, 'Good', 0),
('S1323', 2.9, 1.6, 1.7, 6.1, 'Good', 0),
('S1324', 3.8, 1.8, 0.7, 8.2, 'Fair', 5),
('S1325', 4.9, 3.5, 1.2, 7.4, 'Good', 0),
('S1326', 1.4, 2, 3.5, 6.3, 'Fair', 1),
('S1327', 0.9, 2.4, 2.5, 6.9, 'Fair', 0),
('S1328', 1.2, 2.5, 0.8, 5.8, 'Good', 4),
('S1329', 5.4, 0.2, 0, 6.7, 'Fair', 4),
('S1330', 2.7, 2.5, 1.4, 6.6, 'Good', 6),
('S1331', 7.3, 1.7, 1.6, 7.7, 'Fair', 6),
('S1332', 2.7, 1.9, 2.3, 7.7, 'Fair', 3),
('S1333', 3.8, 4.2, 1.2, 7.1, 'Good', 1),
('S1334', 5.8, 1, 2.4, 6.1, 'Fair', 4),
('S1335', 6.5, 3.5, 3.9, 7.4, 'Poor', 5),
('S1336', 6.6, 2.2, 2.7, 6.4, 'Good', 2),
('S1337', 5.3, 2.2, 1.7, 5.2, 'Fair', 2),
('S1338', 5, 3.4, 1.6, 6, 'Good', 2),
('S1339', 4.4, 2.9, 1.4, 6.6, 'Fair', 6),
('S1340', 4.7, 3.2, 3.1, 7.6, 'Fair', 5),
('S1341', 2.7, 3.7, 1.1, 6.3, 'Fair', 0),
('S1342', 2.3, 2.1, 1.8, 5, 'Fair', 5),
('S1343', 3.5, 1.8, 1.9, 6.6, 'Fair', 0),
('S1344', 3.2, 1.2, 1.2, 6.6, 'Fair', 2),
('S1345', 2.8, 1.5, 0.3, 6.7, 'Fair', 3),
('S1346', 4.5, 6, 2.2, 7.6, 'Poor', 3),
('S1347', 4.9, 4, 1.7, 7.7, 'Fair', 0),
('S1348', 3.6, 0.9, 2.4, 5.8, 'Poor', 2),
('S1349', 5.7, 0.9, 1.2, 5.8, 'Poor', 5),
('S1350', 1.8, 3.1, 3.1, 5.3, 'Good', 3),
('S1351', 3.2, 3.2, 0.8, 7.3, 'Good', 0),
('S1352', 2.4, 3.2, 3.7, 8.2, 'Good', 5),
('S1353', 0.7, 2.2, 0, 6.1, 'Fair', 2),
('S1354', 3.4, 2.3, 2.3, 6.2, 'Good', 1),
('S1355', 3.3, 2.9, 2.3, 8.3, 'Good', 2),
('S1356', 5.8, 2.6, 0.9, 7.1, 'Good', 6),
('S1357', 4.4, 0, 2.3, 7, 'Fair', 2),
('S1358', 2, 2.2, 3.2, 5.1, 'Good', 5),
('S1359', 6.3, 1.5, 0, 7.3, 'Good', 5),
('S1360', 5.3, 2.7, 2.4, 5.4, 'Good', 4),
('S1361', 4.4, 6.1, 0, 5.1, 'Poor', 4),
('S1362', 3.2, 2.9, 0.7, 6.1, 'Fair', 5),
('S1363', 2.1, 2.1, 3.6, 5.8, 'Fair', 5),
('S1364', 2.9, 3.6, 1.2, 6.2, 'Fair', 1),
('S1365', 5.1, 3.1, 0.5, 4.8, 'Good', 1),
('S1366', 6.3, 3, 1.6, 7.7, 'Poor', 2),
('S1367', 5.8, 3.2, 4.1, 7.9, 'Poor', 6),
('S1368', 2.8, 5, 0, 4.2, 'Fair', 3),
('S1369', 1.8, 1.1, 0.6, 7.7, 'Poor', 6),
('S1370', 3.7, 3.1, 3.4, 5.5, 'Fair', 1),
('S1371', 0.8, 1.4, 3.8, 7.5, 'Good', 2),
('S1372', 4, 3.2, 1.7, 6.4, 'Fair', 6),
('S1373', 3.3, 1.4, 0.4, 6.5, 'Poor', 0),
('S1374', 2.8, 2, 4.1, 6.3, 'Fair', 4),
('S1375', 1.1, 2.1, 3.6, 8, 'Fair', 6),
('S1376', 4.3, 3.7, 2.5, 5, 'Poor', 3),
('S1377', 2.7, 3.6, 0.9, 7.2, 'Good', 2),
('S1378', 1.7, 1, 1.7, 7.8, 'Good', 6),
('S1379', 0, 2.6, 1.6, 7.4, 'Good', 5),
('S1380', 3.5, 1.6, 2.2, 9.3, 'Good', 0),
('S1381', 6.2, 1, 3.4, 5.9, 'Poor', 4),
('S1382', 6, 2.2, 2.8, 7.6, 'Good', 0),
('S1383', 2.8, 2.1, 0.6, 6.4, 'Good', 2),
('S1384', 2.6, 5.4, 3.3, 8, 'Good', 1),
('S1385', 4.2, 3, 2.1, 6.5, 'Poor', 4),
('S1386', 2, 0.8, 2.6, 6, 'Good', 0),
('S1387', 4, 1.8, 3.4, 8.1, 'Good', 1),
('S1388', 4.6, 3.7, 0.6, 5.9, 'Good', 3),
('S1389', 5.3, 5, 1.8, 4.8, 'Poor', 2),
('S1390', 3.3, 0.6, 1.2, 5.9, 'Good', 2),
('S1391', 3.2, 0.2, 0.1, 7.2, 'Good', 4),
('S1392', 2.2, 4.7, 2.2, 8.2, 'Good', 0),
('S1393', 2.3, 3, 4.6, 6.6, 'Fair', 3),
('S1394', 3.2, 1.5, 0, 8.1, 'Good', 5),
('S1395', 4.1, 3.1, 1.8, 4.9, 'Fair', 4),
('S1396', 4.9, 0, 2.5, 6, 'Fair', 5),
('S1397', 2.3, 2.5, 1.9, 6.2, 'Fair', 4),
('S1398', 5.7, 2.9, 1.7, 6.4, 'Good', 0),
('S1399', 3.1, 3.6, 0.4, 6.6, 'Poor', 3),
('S1400', 3.5, 1.3, 2.1, 7.3, 'Fair', 0),
('S1401', 2.4, 2.6, 1, 6, 'Good', 2),
('S1402', 0, 1.4, 0, 6.7, 'Good', 5),
('S1403', 4.8, 2.8, 3.1, 6.4, 'Fair', 1),
('S1404', 4.6, 1.4, 2.9, 5.4, 'Good', 6),
('S1405', 3.1, 2, 1.9, 6.4, 'Good', 2),
('S1406', 3.6, 1.3, 2.1, 6.3, 'Poor', 2),
('S1407', 4.3, 3.3, 3, 6.3, 'Fair', 5),
('S1408', 1.2, 3.5, 2, 6.5, 'Poor', 4),
('S1409', 2.7, 2.2, 2.8, 6.6, 'Fair', 2),
('S1410', 4.7, 2.5, 1.5, 6, 'Fair', 6),
('S1411', 1.6, 0.8, 3.2, 8, 'Good', 3),
('S1412', 3.9, 2.1, 2.2, 5.1, 'Good', 2),
('S1413', 1.5, 2.4, 2, 5.6, 'Poor', 3),
('S1414', 4.2, 5.6, 0.4, 9.8, 'Poor', 0),
('S1415', 3.4, 1.2, 2.1, 5.3, 'Fair', 4),
('S1416', 1.1, 4.3, 0.9, 4.9, 'Fair', 3),
('S1417', 5.2, 3.7, 1.1, 7.4, 'Fair', 2),
('S1418', 2.4, 2.8, 0.9, 4, 'Good', 4),
('S1419', 2.3, 4.6, 0.6, 6.2, 'Good', 6),
('S1420', 3.8, 2.9, 4.1, 9.1, 'Fair', 4),
('S1421', 5.2, 3, 3.3, 4.6, 'Good', 3),
('S1422', 2, 2.4, 3.9, 4.1, 'Fair', 3),
('S1423', 3.6, 4, 0.5, 4.7, 'Good', 1),
('S1424', 4.1, 3.8, 1.9, 7.6, 'Fair', 1),
('S1425', 4.5, 1.7, 0.4, 7.8, 'Poor', 4),
('S1426', 3.8, 0.9, 1, 5.9, 'Good', 5),
('S1427', 2.9, 2.3, 0.8, 7.3, 'Fair', 5),
('S1428', 2.3, 1.5, 3.2, 8.2, 'Good', 1),
('S1429', 3.6, 2.4, 1.4, 8.6, 'Fair', 2),
('S1430', 1.9, 4, 3, 6.2, 'Poor', 0),
('S1431', 0, 2, 2.5, 3.7, 'Poor', 4),
('S1432', 4.2, 2.4, 4.3, 5.5, 'Fair', 0),
('S1433', 4.9, 2.6, 0.2, 6, 'Good', 1),
('S1434', 0, 3.5, 3.2, 6.2, 'Fair', 3),
('S1435', 2, 0, 3.1, 6.3, 'Good', 6),
('S1436', 4.4, 1.8, 0.7, 7.8, 'Good', 4),
('S1437', 6.6, 2.8, 2.9, 8, 'Good', 1),
('S1438', 3.5, 3.9, 2.2, 6.3, 'Fair', 2),
('S1439', 2.4, 1.9, 1.5, 7.8, 'Good', 6),
('S1440', 3.2, 0.2, 0.9, 6.9, 'Fair', 4),
('S1441', 5.6, 3.2, 1, 6.6, 'Fair', 4),
('S1442', 2.5, 1.7, 4.1, 7.6, 'Poor', 5),
('S1443', 2.3, 1.1, 1.8, 6.6, 'Fair', 3),
('S1444', 2.8, 1.8, 2.7, 9, 'Poor', 4),
('S1445', 2.1, 2.3, 0.9, 4.8, 'Good', 3),
('S1446', 3.7, 1.8, 0.9, 5.9, 'Fair', 1),
('S1447', 5.9, 0, 3, 6.3, 'Fair', 2),
('S1448', 4, 3.6, 0.3, 7, 'Good', 6),
('S1449', 3.1, 4, 1.3, 8, 'Fair', 6),
('S1450', 3.1, 3.3, 1.8, 6.5, 'Fair', 2),
('S1451', 1.2, 1.1, 1.9, 4.8, 'Poor', 4),
('S1452', 4.8, 2.3, 1.6, 7.5, 'Good', 4),
('S1453', 3.4, 2.5, 2.2, 7.4, 'Poor', 1),
('S1454', 3.2, 3.2, 2.6, 4.2, 'Fair', 5),
('S1455', 8.3, 3.3, 2.6, 6.5, 'Fair', 5),
('S1456', 3.9, 1.6, 0.7, 4.6, 'Good', 5),
('S1457', 2.4, 2.6, 1.5, 5.7, 'Good', 3),
('S1458', 2.9, 3, 3.1, 5.4, 'Good', 5),
('S1459', 5.2, 4.2, 2.8, 7.5, 'Poor', 2),
('S1460', 3.7, 3.3, 0.3, 6.6, 'Fair', 6),
('S1461', 1.3, 3.4, 2.2, 5, 'Fair', 6),
('S1462', 4.9, 2.6, 0, 7.6, 'Poor', 3),
('S1463', 2.5, 4.2, 1.9, 4.8, 'Fair', 1),
('S1464', 6.3, 3, 3.9, 6.9, 'Fair', 2),
('S1465', 5.1, 1.5, 0.8, 5.5, 'Fair', 6),
('S1466', 2.8, 4.2, 0.9, 6.1, 'Good', 2),
('S1467', 5.4, 3.3, 2.6, 7.1, 'Fair', 6),
('S1468', 3.6, 2, 0.1, 7.1, 'Good', 0),
('S1469', 4.8, 1.9, 1.1, 8.1, 'Fair', 1),
('S1470', 4.2, 2.9, 2.5, 6.4, 'Fair', 1),
('S1471', 2.2, 3.1, 1.1, 6.9, 'Fair', 0),
('S1472', 2.5, 2.7, 1.5, 6, 'Poor', 3),
('S1473', 5, 2.9, 2.6, 6.7, 'Poor', 6),
('S1474', 3, 4.5, 2.3, 7, 'Fair', 6),
('S1475', 2.9, 3.8, 2.1, 6.4, 'Good', 6),
('S1476', 2.1, 2.7, 1.4, 4.3, 'Good', 5),
('S1477', 4.1, 3.6, 2.2, 6.9, 'Poor', 5),
('S1478', 6.6, 1.3, 1.7, 6.9, 'Good', 5),
('S1479', 1.9, 3, 2.3, 5.7, 'Good', 5),
('S1480', 3.5, 4.7, 1.3, 5, 'Good', 5),
('S1481', 5.6, 2.2, 1.6, 8.3, 'Good', 0),
('S1482', 3.4, 1.5, 0.7, 7.1, 'Fair', 1),
('S1483', 4.2, 1.7, 1.8, 6.2, 'Fair', 3),
('S1484', 1.9, 1.2, 0.9, 5.1, 'Fair', 2),
('S1485', 4.1, 1.6, 0.6, 5.5, 'Fair', 5),
('S1486', 3.2, 2.1, 2.1, 8.1, 'Fair', 0),
('S1487', 5, 0.8, 2, 6.7, 'Fair', 6),
('S1488', 5.3, 2.5, 2.7, 5.8, 'Good', 3),
('S1489', 7.4, 3.6, 1.3, 7.1, 'Good', 3),
('S1490', 4.4, 1.4, 2.2, 5.5, 'Good', 3),
('S1491', 4, 4.3, 2.4, 8.3, 'Good', 0),
('S1492', 3.8, 3.1, 2.3, 8.1, 'Good', 2),
('S1493', 3, 3.7, 0.9, 5.9, 'Poor', 5),
('S1494', 4, 1.7, 2, 5.7, 'Fair', 3),
('S1495', 3.1, 3.5, 2.2, 3.4, 'Fair', 0),
('S1496', 3.8, 1.2, 1.8, 4.7, 'Good', 6),
('S1497', 5.5, 3.6, 0, 4.9, 'Fair', 1),
('S1498', 2, 2.7, 2, 6.7, 'Good', 6),
('S1499', 5.2, 3.2, 4.2, 6.1, 'Poor', 0),
('S1500', 5.5, 1.1, 1.4, 4.9, 'Fair', 0),
('S1501', 3.3, 1.4, 1, 6.2, 'Good', 0),
('S1502', 0.3, 3.2, 2.2, 7.1, 'Poor', 3),
('S1503', 2.6, 1.4, 2.1, 7.1, 'Fair', 0),
('S1504', 5.4, 3.1, 3.1, 4.2, 'Fair', 1),
('S1505', 3.5, 0.9, 0.4, 6.3, 'Fair', 3),
('S1506', 2, 3.5, 2.6, 4.8, 'Good', 6),
('S1507', 2.7, 1, 2.4, 7.6, 'Fair', 1),
('S1508', 4.8, 3.2, 1.6, 7.4, 'Fair', 4),
('S1509', 4.3, 3.3, 2.2, 5.4, 'Poor', 6),
('S1510', 3.1, 1.7, 2.9, 5.6, 'Good', 0),
('S1511', 2.9, 3.2, 2.8, 5.9, 'Fair', 5),
('S1512', 2.9, 2.8, 0.5, 3.8, 'Good', 5),
('S1513', 2.1, 1.9, 2.7, 6.9, 'Good', 3),
('S1514', 5.9, 1.3, 1.7, 6.2, 'Fair', 5),
('S1515', 3, 0.1, 1.9, 7.7, 'Good', 6),
('S1516', 5.3, 2.9, 1.9, 5.2, 'Good', 3),
('S1517', 5.8, 0.6, 1.6, 5.8, 'Fair', 6),
('S1518', 5, 2.6, 3.1, 4.7, 'Poor', 0),
('S1519', 2.9, 2.2, 1.7, 5.3, 'Good', 2),
('S1520', 4.1, 3.3, 0.6, 5.1, 'Good', 2),
('S1521', 3.5, 2.1, 1.4, 7.7, 'Fair', 1),
('S1522', 2.1, 2.1, 2, 5.7, 'Fair', 0),
('S1523', 4, 3.4, 3.2, 6.6, 'Good', 5),
('S1524', 1.7, 2.9, 2.5, 6, 'Good', 0),
('S1525', 5.3, 2.9, 0.9, 5, 'Good', 4),
('S1526', 2.8, 3.1, 4.5, 6.3, 'Fair', 2),
('S1527', 3.8, 0.7, 2.1, 7.2, 'Good', 5),
('S1528', 3.9, 3.4, 3.2, 5.1, 'Fair', 6),
('S1529', 3.1, 3.2, 1.6, 7.5, 'Fair', 6),
('S1530', 4.4, 1.3, 2.4, 5.5, 'Good', 2),
('S1531', 2.8, 2.2, 2.7, 5.9, 'Good', 0),
('S1532', 4.8, 2.5, 3.1, 7.1, 'Fair', 5),
('S1533', 1.5, 2.3, 3, 5.7, 'Fair', 1),
('S1534', 3.7, 2.9, 2.8, 6.5, 'Good', 6),
('S1535', 6.4, 4.2, 1.5, 6.1, 'Fair', 0),
('S1536', 2, 3.8, 1.2, 6.7, 'Good', 1),
('S1537', 2.5, 0.9, 2.2, 3.6, 'Good', 5),
('S1538', 4.3, 3.2, 2.8, 4.3, 'Poor', 2),
('S1539', 3.8, 4.1, 1.6, 7.2, 'Good', 4),
('S1540', 4, 3, 3, 7.7, 'Good', 3),
('S1541', 4.2, 3.8, 3.4, 5.4, 'Good', 2),
('S1542', 4.5, 4.9, 0.8, 6.2, 'Good', 1),
('S1543', 5.2, 3.7, 0.9, 6.9, 'Good', 0),
('S1544', 4.1, 2.8, 1.6, 7.3, 'Poor', 6),
('S1545', 3.1, 3.8, 2.1, 4.1, 'Fair', 5),
('S1546', 4.5, 2.7, 1.2, 5.4, 'Good', 2),
('S1547', 6.3, 2.5, 3.3, 6.1, 'Fair', 6),
('S1548', 3.3, 2.1, 2.3, 7.3, 'Poor', 6),
('S1549', 2, 4.4, 1.8, 9.5, 'Good', 4),
('S1550', 5.2, 1.5, 0.2, 6.2, 'Good', 5),
('S1551', 3.3, 4.3, 0.4, 4.8, 'Poor', 1),
('S1552', 0.2, 3.1, 2.1, 7, 'Good', 5),
('S1553', 4.8, 0.8, 0, 8.1, 'Good', 5),
('S1554', 2.7, 2.9, 2.9, 6.6, 'Fair', 0),
('S1555', 3.4, 0, 1.6, 5.4, 'Good', 3),
('S1556', 4, 3.3, 5.4, 7.6, 'Fair', 6),
('S1557', 3.8, 3.6, 4.3, 7.3, 'Poor', 1),
('S1558', 4.6, 1.8, 1.6, 5.3, 'Fair', 0),
('S1559', 2.8, 2.6, 1.7, 7, 'Fair', 6),
('S1560', 4.3, 4.8, 2.9, 7.7, 'Fair', 3),
('S1561', 3.1, 1.9, 3.7, 7.9, 'Good', 0),
('S1562', 4.6, 1.2, 0, 6.4, 'Good', 3),
('S1563', 4.4, 4.3, 0, 6.1, 'Fair', 3),
('S1564', 2.1, 4.9, 1.1, 8, 'Good', 3),
('S1565', 5.1, 2.5, 2.4, 5, 'Poor', 0),
('S1566', 2.7, 3.7, 2.3, 7, 'Poor', 5),
('S1567', 4.7, 4.1, 3, 4.9, 'Good', 3),
('S1568', 4.1, 1.6, 0.5, 7.8, 'Poor', 5),
('S1569', 6.3, 1.9, 0, 6.2, 'Fair', 6),
('S1570', 3.2, 4, 2.7, 8, 'Good', 6),
('S1571', 3, 4.5, 0.9, 7.1, 'Fair', 1),
('S1572', 3.5, 3.2, 0, 5, 'Good', 4),
('S1573', 3, 1.4, 2, 8.2, 'Fair', 5),
('S1574', 4.7, 4.9, 2.7, 8.4, 'Poor', 6),
('S1575', 1.1, 1.9, 1.7, 7.6, 'Fair', 4),
('S1576', 1.9, 2.1, 1.3, 5.6, 'Fair', 3),
('S1577', 1.9, 2.9, 1.6, 6.1, 'Fair', 4),
('S1578', 4.9, 4.4, 1.4, 6.7, 'Fair', 4),
('S1579', 6.1, 3.5, 0.3, 5.7, 'Good', 3),
('S1580', 3.3, 3, 1, 8.5, 'Good', 5),
('S1581', 3.2, 3.1, 2.4, 6.7, 'Fair', 3),
('S1582', 3.6, 2.6, 2.2, 3.3, 'Fair', 1),
('S1583', 5.2, 3.2, 2, 6.9, 'Fair', 2),
('S1584', 2.1, 0, 0.7, 6.1, 'Good', 0),
('S1585', 3.9, 2.1, 1.6, 6.4, 'Good', 3),
('S1586', 5, 2.8, 0, 6.1, 'Fair', 3),
('S1587', 4.3, 1.1, 2, 7.5, 'Good', 4),
('S1588', 3.8, 3, 3.4, 7.8, 'Fair', 1),
('S1589', 5, 2.3, 0.2, 6.8, 'Poor', 6),
('S1590', 0, 4.6, 1.2, 6.1, 'Poor', 6),
('S1591', 4.5, 4.4, 2.2, 6.5, 'Fair', 4),
('S1592', 2.5, 1.9, 3.2, 6.5, 'Fair', 5),
('S1593', 0.8, 2.3, 1.3, 5.5, 'Poor', 3),
('S1594', 4.3, 2.4, 1, 7.2, 'Good', 3),
('S1595', 5.6, 2, 0, 7.1, 'Fair', 4),
('S1596', 3.3, 2.7, 1.9, 8.3, 'Fair', 3),
('S1597', 4.9, 1.6, 4, 8, 'Fair', 5),
('S1598', 5.9, 1.1, 2.1, 5.7, 'Poor', 2),
('S1599', 5.5, 3.2, 1.8, 7.5, 'Fair', 0),
('S1600', 6, 3.3, 2.2, 5.4, 'Fair', 0),
('S1601', 4.6, 1.5, 1.8, 7.3, 'Fair', 0),
('S1602', 3.6, 3.6, 0.9, 5.9, 'Poor', 2),
('S1603', 1.1, 1.7, 2.7, 5.3, 'Fair', 3),
('S1604', 3.1, 2.8, 2, 6.8, 'Poor', 4),
('S1605', 2.2, 3.5, 1.8, 3.3, 'Good', 6),
('S1606', 6.8, 2.5, 0.7, 4.4, 'Good', 1),
('S1607', 3.2, 3, 3.2, 6.3, 'Poor', 3),
('S1608', 3.7, 1.9, 2.5, 6.6, 'Fair', 2),
('S1609', 4.3, 2.3, 1.2, 6.1, 'Poor', 5),
('S1610', 3.6, 2.3, 2.9, 4.6, 'Fair', 2),
('S1611', 6, 1.6, 1.3, 5.5, 'Fair', 6),
('S1612', 2.6, 2.3, 0.9, 7, 'Fair', 0),
('S1613', 3.8, 0.6, 1, 7.2, 'Fair', 3),
('S1614', 2.4, 1.9, 0, 6.5, 'Good', 6),
('S1615', 1.5, 2.2, 2.3, 7.9, 'Fair', 0),
('S1616', 2.6, 2.2, 0, 7, 'Fair', 1),
('S1617', 3.4, 2.2, 0.4, 5.6, 'Fair', 5),
('S1618', 2.9, 2.4, 0, 6.2, 'Good', 0),
('S1619', 2.5, 3.1, 1.7, 4.8, 'Good', 1),
('S1620', 1.4, 3.5, 1.6, 6.4, 'Fair', 2),
('S1621', 3.4, 1.7, 1.4, 7.8, 'Good', 0),
('S1622', 1.2, 1.1, 0.7, 7.3, 'Fair', 0),
('S1623', 4.6, 1.2, 0.5, 8.2, 'Good', 4),
('S1624', 3.6, 1.9, 2.3, 6.1, 'Good', 5),
('S1625', 1.3, 2.1, 1.2, 8.1, 'Poor', 5),
('S1626', 3, 1.6, 2.1, 6.3, 'Good', 6),
('S1627', 2.4, 0.9, 0.8, 8.3, 'Fair', 2),
('S1628', 4, 2, 2, 6.5, 'Fair', 4),
('S1629', 5.5, 2.7, 3.2, 7.3, 'Fair', 6),
('S1630', 0.7, 3.2, 2.4, 8.3, 'Good', 1),
('S1631', 3.7, 1.8, 1.3, 6.3, 'Fair', 6),
('S1632', 3.3, 2, 2.1, 6.8, 'Poor', 1),
('S1633', 4.5, 1.4, 1.5, 8, 'Good', 2),
('S1634', 3.8, 2.5, 1.8, 6.3, 'Poor', 5),
('S1635', 2.4, 1.5, 1.4, 4.9, 'Poor', 1),
('S1636', 3, 3.2, 1.6, 9.1, 'Fair', 2),
('S1637', 2.3, 0.4, 2, 5.9, 'Fair', 6),
('S1638', 5.1, 2.1, 0.7, 6.7, 'Fair', 1),
('S1639', 3.5, 2.9, 0.7, 7.9, 'Poor', 3),
('S1640', 6.4, 2.7, 0.3, 5.8, 'Good', 0),
('S1641', 3.4, 5.7, 0, 5.3, 'Good', 6),
('S1642', 2.4, 2.9, 0.5, 6.8, 'Fair', 5),
('S1643', 1.2, 1.3, 2, 4.3, 'Fair', 6),
('S1644', 0.8, 2.4, 0.8, 6.2, 'Fair', 3),
('S1645', 1.1, 0.4, 2.4, 6.8, 'Good', 2),
('S1646', 3.9, 2.4, 1.8, 6.2, 'Poor', 2),
('S1647', 4.3, 1.5, 0, 4.6, 'Poor', 6),
('S1648', 1.1, 3.6, 2.5, 8.4, 'Good', 3),
('S1649', 4.8, 1.8, 2.7, 6.6, 'Fair', 6),
('S1650', 2.8, 2.4, 0.7, 8.2, 'Fair', 0),
('S1651', 3.7, 1.7, 2.3, 6.2, 'Good', 0),
('S1652', 5.9, 4.6, 0.9, 5.4, 'Good', 4),
('S1653', 4.8, 2.1, 1.9, 6.8, 'Fair', 1),
('S1654', 3.1, 4.7, 0.4, 6.2, 'Good', 4),
('S1655', 2.2, 3.5, 0, 5.1, 'Poor', 0),
('S1656', 0.3, 3.1, 1.4, 8.3, 'Good', 3),
('S1657', 2.4, 2.9, 1.7, 5.8, 'Fair', 1),
('S1658', 3.2, 3, 1.4, 4.3, 'Good', 3),
('S1659', 2, 0.2, 0.5, 8.1, 'Good', 4),
('S1660', 3.3, 2.2, 1.4, 5.9, 'Good', 2),
('S1661', 3.6, 3.5, 2.1, 5.8, 'Good', 3),
('S1662', 3.2, 2.4, 1.8, 4.4, 'Fair', 4),
('S1663', 2.5, 0.8, 2, 8.6, 'Fair', 4),
('S1664', 3.8, 2.4, 1.1, 5, 'Fair', 4),
('S1665', 4.2, 4.5, 3.1, 6.6, 'Good', 2),
('S1666', 1.9, 4, 0.5, 7.6, 'Good', 2),
('S1667', 5.6, 2.4, 2.3, 7, 'Fair', 6),
('S1668', 3.4, 3.6, 3.1, 6.4, 'Good', 2),
('S1669', 3.5, 2.1, 2.3, 4.5, 'Good', 1),
('S1670', 4.6, 0.5, 1.6, 5.5, 'Good', 2),
('S1671', 3.8, 1.4, 1.2, 6.7, 'Good', 2),
('S1672', 4.9, 4.4, 2.9, 5.6, 'Fair', 2),
('S1673', 3.9, 2.2, 0.2, 6.7, 'Poor', 3),
('S1674', 2.6, 2.2, 0.7, 7.3, 'Poor', 2),
('S1675', 4, 2.1, 1.4, 7.7, 'Fair', 1),
('S1676', 1.8, 4.8, 3.2, 5, 'Good', 4),
('S1677', 3.7, 4.5, 2.2, 9.1, 'Good', 3),
('S1678', 3.5, 5.2, 0.7, 7.4, 'Good', 0),
('S1679', 3.2, 2.3, 1.5, 6.5, 'Good', 2),
('S1680', 3.3, 2.9, 1.1, 7.8, 'Poor', 6),
('S1681', 0.7, 0.7, 1, 9.3, 'Poor', 6),
('S1682', 2.7, 4.3, 2.9, 4.8, 'Poor', 4),
('S1683', 3.6, 1.1, 0.3, 6.2, 'Fair', 4),
('S1684', 3.7, 2.8, 3.6, 3.6, 'Fair', 3),
('S1685', 2, 1.2, 2.7, 6.7, 'Poor', 6),
('S1686', 5.4, 1.8, 3, 6.9, 'Fair', 0),
('S1687', 2.2, 1.5, 1.3, 6.5, 'Poor', 5),
('S1688', 5, 1.8, 1.6, 5.7, 'Good', 6),
('S1689', 4.1, 1.9, 0.2, 4, 'Fair', 6),
('S1690', 2.5, 1.8, 1.2, 6.9, 'Fair', 1),
('S1691', 6.2, 3.5, 2.3, 8.2, 'Fair', 5),
('S1692', 1.7, 1.2, 3.2, 5.8, 'Good', 4),
('S1693', 4.9, 2.8, 0.6, 7, 'Fair', 5),
('S1694', 5, 4, 1.4, 4.6, 'Fair', 6),
('S1695', 2.5, 1.9, 1.6, 7, 'Good', 4),
('S1696', 5.6, 1.6, 0.3, 6, 'Fair', 5),
('S1697', 3.1, 2.2, 2.5, 5.6, 'Good', 4),
('S1698', 3.9, 3.9, 1, 5.6, 'Fair', 4),
('S1699', 3.9, 2.7, 1.6, 6, 'Fair', 3),
('S1700', 3.3, 1.9, 1.3, 7, 'Poor', 0),
('S1701', 4.7, 3.1, 0.9, 4.9, 'Good', 4),
('S1702', 4.7, 1.2, 1.8, 6, 'Fair', 1),
('S1703', 0.9, 3.3, 1.6, 6.5, 'Poor', 6),
('S1704', 5.5, 3, 1.4, 5.2, 'Fair', 6),
('S1705', 1, 2.1, 1, 8.7, 'Fair', 1),
('S1706', 5, 1.5, 2.2, 5.5, 'Poor', 2),
('S1707', 5.2, 1.4, 3.6, 5.7, 'Good', 4),
('S1708', 1.9, 3.1, 2, 5.3, 'Good', 4),
('S1709', 2.9, 4, 2.9, 8.7, 'Poor', 4),
('S1710', 1.8, 1.7, 0.3, 7.2, 'Fair', 5),
('S1711', 3.2, 3.1, 2, 5.4, 'Good', 4),
('S1712', 3, 0, 0.6, 7.8, 'Fair', 4),
('S1713', 4.7, 1.8, 0.2, 6.7, 'Fair', 1),
('S1714', 5.5, 2.5, 1, 6.8, 'Fair', 0),
('S1715', 5.6, 1.4, 3.1, 6.1, 'Good', 0),
('S1716', 2.7, 1.4, 2.8, 5.6, 'Good', 2),
('S1717', 3.2, 1.7, 2.1, 6.9, 'Good', 1),
('S1718', 1, 2.9, 0.1, 5.8, 'Poor', 4),
('S1719', 2.3, 2.3, 1.6, 8.7, 'Fair', 0),
('S1720', 4.9, 0, 2.1, 5, 'Good', 3),
('S1721', 5.9, 0, 2, 8.3, 'Poor', 3),
('S1722', 1.6, 1.8, 0, 6.4, 'Good', 3),
('S1723', 2.6, 3, 0.8, 6.9, 'Good', 4),
('S1724', 3.5, 0, 1.7, 7.5, 'Poor', 4),
('S1725', 3.9, 1.9, 2.4, 5.7, 'Good', 2),
('S1726', 2.3, 1.9, 0, 7.5, 'Fair', 6),
('S1727', 4.1, 4.2, 1.6, 3.3, 'Good', 2),
('S1728', 2.8, 2, 2, 5.6, 'Fair', 2),
('S1729', 3.5, 3, 2.7, 5.4, 'Fair', 5),
('S1730', 4.3, 2.7, 2.6, 5, 'Good', 3),
('S1731', 3.5, 0, 2.4, 6.2, 'Good', 4),
('S1732', 2.8, 3.4, 0.9, 7, 'Poor', 3),
('S1733', 3.3, 2.8, 0, 7.3, 'Fair', 2),
('S1734', 3.4, 3.1, 1.4, 6.8, 'Poor', 4),
('S1735', 2.9, 7.2, 2.9, 5.7, 'Fair', 1),
('S1736', 3.1, 0, 3.3, 6.9, 'Fair', 0),
('S1737', 5.9, 4.6, 2.6, 6.6, 'Fair', 0),
('S1738', 4.3, 2.2, 2.3, 7.6, 'Fair', 2),
('S1739', 3.1, 2.8, 2.2, 7.4, 'Poor', 6),
('S1740', 4.5, 2.4, 1.2, 6.5, 'Poor', 3),
('S1741', 3, 2, 1.7, 5.4, 'Poor', 1),
('S1742', 5.3, 1.8, 3.6, 5.7, 'Fair', 4),
('S1743', 4.1, 2.9, 0.8, 5.8, 'Good', 6),
('S1744', 3.3, 0.7, 3.6, 6.1, 'Poor', 3),
('S1745', 4.2, 3.4, 1.4, 6.8, 'Good', 2),
('S1746', 1.1, 2, 3.3, 7.4, 'Good', 3),
('S1747', 1.8, 1.1, 0.3, 6.4, 'Good', 2),
('S1748', 1.7, 2, 2.4, 6.5, 'Good', 5),
('S1749', 3.7, 4, 1, 6.7, 'Good', 0),
('S1750', 6.1, 1.9, 0.2, 5.9, 'Poor', 6),
('S1751', 6.8, 2.9, 2, 5.4, 'Fair', 0),
('S1752', 4.5, 1.6, 2.9, 4.4, 'Good', 3),
('S1753', 4.3, 3.4, 0.9, 5.7, 'Fair', 1),
('S1754', 0.8, 3.3, 0.2, 7.1, 'Good', 4),
('S1755', 2.7, 4.7, 1.7, 5.7, 'Poor', 2),
('S1756', 2.3, 2.3, 1.7, 6.2, 'Good', 4),
('S1757', 2.6, 3.3, 2.4, 7.1, 'Fair', 0),
('S1758', 3.2, 2.6, 2.8, 7.1, 'Fair', 1),
('S1759', 2.8, 4.1, 1.7, 5.2, 'Fair', 1),
('S1760', 0.5, 1.6, 3.8, 7.7, 'Good', 4),
('S1761', 4.6, 3.4, 2, 7.9, 'Good', 0),
('S1762', 1.9, 2.3, 1.4, 5.1, 'Fair', 4),
('S1763', 3.9, 2.4, 0, 5.5, 'Good', 3),
('S1764', 6.6, 2.6, 1.5, 7.9, 'Fair', 1),
('S1765', 2.1, 2.8, 1.4, 6.3, 'Poor', 1),
('S1766', 0, 2.4, 2.9, 3.8, 'Poor', 3),
('S1767', 3.1, 2.8, 2.3, 4.8, 'Poor', 0),
('S1768', 5.2, 4.4, 0.5, 6.2, 'Fair', 1),
('S1769', 6.4, 3.7, 2, 5.1, 'Fair', 6),
('S1770', 1.7, 3.5, 2.5, 6, 'Good', 5),
('S1771', 4.2, 2, 3.5, 6.5, 'Good', 5),
('S1772', 2.8, 1.4, 2.8, 8.3, 'Poor', 5),
('S1773', 3.3, 3.6, 2.6, 6.2, 'Fair', 2),
('S1774', 7.5, 3.6, 1.9, 7.8, 'Fair', 6),
('S1775', 1.2, 4.3, 2.2, 8.2, 'Fair', 2),
('S1776', 3.9, 1.8, 3.2, 8.2, 'Poor', 0),
('S1777', 4.2, 2.2, 0.3, 6.8, 'Poor', 3),
('S1778', 5.1, 0.5, 1.4, 4.1, 'Good', 4),
('S1779', 3.6, 2, 1, 7.1, 'Good', 6),
('S1780', 4, 3.7, 2.2, 7.8, 'Poor', 0),
('S1781', 2.9, 1.9, 3.2, 6.4, 'Fair', 4),
('S1782', 3.9, 3.3, 1.1, 8.6, 'Fair', 0),
('S1783', 3, 2.3, 0, 7.5, 'Good', 2),
('S1784', 4.4, 2.9, 1.3, 7.2, 'Fair', 5),
('S1785', 2.9, 1.1, 2.8, 7.8, 'Poor', 3),
('S1786', 4.1, 2.6, 2.4, 6.9, 'Good', 2),
('S1787', 3.5, 0, 2.3, 3.5, 'Fair', 3),
('S1788', 5.2, 2.3, 1.5, 5.9, 'Fair', 6),
('S1789', 3.4, 0.5, 0.4, 7.9, 'Fair', 4),
('S1790', 0.8, 3.9, 2.4, 5.5, 'Fair', 0),
('S1791', 5.4, 3.4, 0.9, 6.2, 'Fair', 1),
('S1792', 2.1, 3.1, 4.2, 5.2, 'Fair', 1),
('S1793', 2.5, 4.3, 2.4, 8.6, 'Fair', 3),
('S1794', 2.6, 1.4, 1.2, 8.5, 'Poor', 5),
('S1795', 5.6, 4.6, 1.1, 5.4, 'Good', 5),
('S1796', 0.3, 3.6, 1.7, 6.7, 'Poor', 3),
('S1797', 8.2, 2.2, 1.5, 5.7, 'Poor', 2),
('S1798', 5.1, 3.9, 3, 7.2, 'Good', 1),
('S1799', 3.8, 1.2, 2, 7.1, 'Good', 2),
('S1800', 3.4, 1.5, 1, 7.5, 'Good', 4),
('S1801', 3.9, 1.8, 3.9, 6.9, 'Fair', 1),
('S1802', 4.3, 1.9, 1.9, 10, 'Fair', 4),
('S1803', 4.5, 1.2, 2.6, 5.3, 'Good', 0),
('S1804', 4.3, 4, 1.1, 4.4, 'Good', 2),
('S1805', 3.6, 2.2, 2.2, 6, 'Fair', 3),
('S1806', 3.2, 2.9, 2.1, 4.6, 'Good', 1),
('S1807', 3.3, 1.8, 0, 4.7, 'Poor', 2),
('S1808', 3.2, 0.3, 4, 5.3, 'Good', 3),
('S1809', 5.2, 2.8, 3.2, 5.4, 'Good', 0),
('S1810', 4.4, 0.2, 1.4, 5.4, 'Good', 1),
('S1811', 0, 2.4, 0.6, 7.1, 'Good', 4),
('S1812', 4.5, 0.9, 2.2, 5.9, 'Good', 0),
('S1813', 3.8, 4.9, 1.9, 6.3, 'Poor', 5),
('S1814', 3.5, 3.6, 2.2, 7.6, 'Fair', 3),
('S1815', 2.9, 2.6, 2, 5.6, 'Poor', 1),
('S1816', 5.2, 4, 2.4, 6.2, 'Fair', 1),
('S1817', 4.9, 1.5, 3.4, 6.9, 'Good', 6),
('S1818', 2.3, 3.2, 2.4, 4.2, 'Fair', 6),
('S1819', 4.1, 2.7, 0.6, 3.6, 'Fair', 0),
('S1820', 2, 2.8, 3.3, 6.9, 'Fair', 1),
('S1821', 1.4, 4, 3.6, 7.1, 'Good', 3),
('S1822', 2.6, 3.4, 5.3, 9, 'Poor', 0),
('S1823', 4.8, 2.8, 0.6, 6.7, 'Fair', 4),
('S1824', 4.9, 0.5, 2.1, 7.5, 'Poor', 0),
('S1825', 4.3, 1.3, 0, 6.3, 'Good', 0),
('S1826', 4.6, 2.4, 2.4, 6.9, 'Poor', 4),
('S1827', 4.3, 2.6, 1.2, 8.5, 'Good', 5),
('S1828', 2.5, 1.1, 3.9, 4, 'Fair', 6),
('S1829', 4.1, 5.4, 0.9, 7, 'Poor', 3),
('S1830', 4.7, 4.3, 0, 9.1, 'Good', 5),
('S1831', 4.6, 3.2, 1.3, 6.8, 'Poor', 5),
('S1832', 5.3, 2.6, 0, 8.5, 'Fair', 5),
('S1833', 4.6, 2.2, 2.6, 5.7, 'Poor', 6),
('S1834', 4, 1.4, 0, 6.5, 'Fair', 2),
('S1835', 5.1, 2.6, 1.8, 6.5, 'Fair', 6),
('S1836', 3.5, 2.8, 0, 3.8, 'Fair', 5),
('S1837', 2.2, 1, 1.4, 5.1, 'Poor', 2),
('S1838', 3.3, 2.9, 3.6, 5.2, 'Fair', 4),
('S1839', 2.4, 2.3, 2.2, 7.5, 'Good', 6),
('S1840', 2.5, 0.2, 0.9, 7.5, 'Good', 3),
('S1841', 3.3, 1.5, 1.8, 6.9, 'Fair', 5),
('S1842', 2.3, 2, 1.8, 7.5, 'Fair', 1),
('S1843', 3, 4.8, 2.3, 6.3, 'Fair', 4),
('S1844', 0.7, 3.2, 0.3, 7.9, 'Fair', 2),
('S1845', 3.8, 0.9, 2.5, 6.5, 'Poor', 6),
('S1846', 3.5, 3.1, 0, 6.6, 'Fair', 3),
('S1847', 2.3, 0.6, 1.1, 6.2, 'Fair', 0),
('S1848', 4.5, 3.8, 1.3, 7.3, 'Fair', 3),
('S1849', 4.9, 1.9, 2.5, 6, 'Fair', 3),
('S1850', 1.1, 2.4, 1.8, 7.7, 'Good', 5),
('S1851', 2.4, 4.1, 0.3, 5.1, 'Poor', 5),
('S1852', 2.3, 1, 0.7, 5.2, 'Good', 6),
('S1853', 2.1, 0.8, 2, 7.3, 'Good', 6),
('S1854', 4.7, 1.8, 1.7, 6.4, 'Fair', 2),
('S1855', 3.2, 3.7, 1.2, 6, 'Fair', 6),
('S1856', 3.1, 0.7, 1.3, 7.6, 'Fair', 2),
('S1857', 0.5, 0, 2.6, 5.8, 'Poor', 5),
('S1858', 4.5, 2, 1.2, 6.3, 'Fair', 5),
('S1859', 1.6, 3.2, 1.7, 8.2, 'Good', 1),
('S1860', 3.6, 3.9, 4.2, 8.3, 'Poor', 1),
('S1861', 3.9, 1.9, 0.2, 8.4, 'Fair', 4),
('S1862', 5.5, 2, 0, 6.2, 'Good', 5),
('S1863', 1.5, 3.9, 2.7, 8, 'Good', 0),
('S1864', 0, 0.3, 1.1, 5.4, 'Fair', 1),
('S1865', 3.8, 2, 1.4, 5.4, 'Good', 2),
('S1866', 6.2, 2.7, 0.9, 3.7, 'Fair', 3),
('S1867', 5.4, 3, 1.5, 8.5, 'Poor', 6),
('S1868', 3.8, 1.9, 3.6, 5.5, 'Fair', 6),
('S1869', 2.8, 2.5, 2.7, 6.3, 'Fair', 4),
('S1870', 4.7, 0, 2.7, 5.4, 'Good', 1),
('S1871', 2, 1.7, 0.2, 7.3, 'Poor', 3),
('S1872', 4.2, 3, 0.5, 6, 'Fair', 3),
('S1873', 4.3, 1.3, 0, 4.9, 'Fair', 1),
('S1874', 5.1, 2.6, 0.9, 7, 'Fair', 0),
('S1875', 7.6, 3, 2.9, 4.8, 'Poor', 0),
('S1876', 4.1, 2.1, 2.4, 5.5, 'Fair', 4),
('S1877', 2.7, 2.7, 1.6, 4, 'Good', 0),
('S1878', 3.5, 1.3, 1.8, 4.8, 'Fair', 4),
('S1879', 0.8, 2.3, 1, 6.7, 'Fair', 2),
('S1880', 2.5, 3.2, 2, 4.1, 'Fair', 1),
('S1881', 2.9, 2.7, 2.6, 4.7, 'Fair', 3),
('S1882', 2.7, 1.8, 0, 6.5, 'Fair', 4),
('S1883', 3.7, 2.8, 2.1, 5.8, 'Good', 6),
('S1884', 2.3, 3.4, 2.8, 8.9, 'Good', 0),
('S1885', 5.2, 0, 1.3, 8.7, 'Fair', 6),
('S1886', 3.5, 3.9, 2.6, 5.5, 'Fair', 4),
('S1887', 3.5, 2.1, 4.9, 7.2, 'Good', 5),
('S1888', 3, 3, 1.7, 7.4, 'Fair', 4),
('S1889', 3.7, 3.9, 2.2, 5.8, 'Fair', 0),
('S1890', 4.7, 0.9, 1, 4.7, 'Fair', 5),
('S1891', 2.2, 1.6, 2, 6.5, 'Good', 5),
('S1892', 2.5, 2.2, 2.3, 6.3, 'Fair', 0),
('S1893', 3, 1.6, 2, 6, 'Good', 5),
('S1894', 1.5, 4.6, 0.7, 7, 'Good', 1),
('S1895', 2.3, 1.5, 2, 5.6, 'Fair', 3),
('S1896', 2.8, 1.8, 3.4, 5.1, 'Good', 6),
('S1897', 4.8, 2.7, 2.3, 6.6, 'Good', 1),
('S1898', 3.9, 1.1, 2.9, 7, 'Fair', 1),
('S1899', 3.8, 2, 1.5, 5.1, 'Poor', 0),
('S1900', 4.8, 2.9, 2.6, 7.6, 'Poor', 0),
('S1901', 3.3, 2.1, 2.1, 4.4, 'Fair', 6),
('S1902', 4.1, 2.4, 0.8, 5.8, 'Fair', 3),
('S1903', 3.3, 1.9, 2.2, 6.2, 'Fair', 4),
('S1904', 3.9, 0.7, 0.7, 5.7, 'Poor', 1),
('S1905', 2.6, 2.9, 1.1, 5.8, 'Good', 5),
('S1906', 0, 4.6, 2, 8.7, 'Fair', 3),
('S1907', 3.3, 2.5, 2.1, 5.5, 'Fair', 1),
('S1908', 5.6, 2.8, 0.5, 9.4, 'Fair', 4),
('S1909', 4.9, 3.3, 3, 7, 'Fair', 5),
('S1910', 4.9, 1, 2.4, 6.6, 'Fair', 1),
('S1911', 5.4, 4.5, 1, 7.1, 'Fair', 2),
('S1912', 3.6, 2.7, 0.1, 9.5, 'Poor', 6),
('S1913', 3.8, 4.5, 1.6, 5.3, 'Good', 3),
('S1914', 2.6, 1.6, 1.3, 5.2, 'Good', 6),
('S1915', 3, 4.7, 1.9, 5.6, 'Fair', 0),
('S1916', 4.4, 3.4, 1.4, 6.5, 'Good', 1),
('S1917', 5.3, 3.2, 0, 4.4, 'Good', 5),
('S1918', 3.3, 2.8, 1.4, 6.5, 'Poor', 5),
('S1919', 2.8, 2.2, 1.5, 8.5, 'Good', 3),
('S1920', 3.5, 3.9, 2.5, 6.7, 'Good', 3),
('S1921', 4.4, 2.7, 1, 6.1, 'Fair', 6),
('S1922', 1.3, 0.1, 3.6, 5.8, 'Poor', 5),
('S1923', 0.1, 1.2, 0, 7.6, 'Poor', 5),
('S1924', 2.7, 2.3, 3.2, 5.5, 'Poor', 5),
('S1925', 1.7, 2.9, 1.6, 8.7, 'Good', 1),
('S1926', 2.7, 2.4, 2.7, 8.8, 'Fair', 5),
('S1927', 3.3, 4, 1.9, 6.8, 'Good', 0),
('S1928', 2.8, 0.2, 3.1, 6.5, 'Good', 5),
('S1929', 5.7, 2.7, 1.4, 7.7, 'Good', 0),
('S1930', 4, 0.3, 0.6, 7.8, 'Good', 1),
('S1931', 4, 3.4, 3.4, 5.5, 'Poor', 3),
('S1932', 4.4, 2.4, 1.7, 5.9, 'Fair', 0),
('S1933', 1.8, 3, 2, 4.9, 'Good', 1),
('S1934', 5.1, 1.5, 3.2, 7, 'Poor', 5),
('S1935', 3.4, 4, 0.7, 7.3, 'Poor', 1),
('S1936', 4.5, 3.8, 2.5, 4.9, 'Good', 5),
('S1937', 1.9, 3.2, 1.2, 6, 'Good', 6),
('S1938', 1.2, 2.3, 1.7, 4.9, 'Fair', 1),
('S1939', 4.7, 3.2, 1.9, 5.4, 'Good', 3),
('S1940', 4.1, 1.7, 0.1, 7.2, 'Good', 0),
('S1941', 2.1, 3.5, 0.9, 5.6, 'Fair', 6),
('S1942', 2.2, 4.5, 3.3, 6.1, 'Poor', 3),
('S1943', 5.2, 3.8, 2.8, 4.5, 'Good', 2),
('S1944', 1.7, 1.6, 1.7, 6.7, 'Fair', 5),
('S1945', 6, 2.9, 2.1, 6.4, 'Poor', 0),
('S1946', 2.1, 0.9, 1.5, 5.6, 'Fair', 3),
('S1947', 4.5, 3.2, 3.3, 6.3, 'Good', 0),
('S1948', 3, 3, 1.6, 6.7, 'Fair', 2),
('S1949', 4.4, 0.3, 2.1, 5.5, 'Fair', 4),
('S1950', 2.7, 1.1, 3.1, 4.7, 'Fair', 5),
('S1951', 3.3, 2.2, 0.9, 8.7, 'Good', 5),
('S1952', 3.6, 2.1, 3.5, 5.7, 'Poor', 1),
('S1953', 2, 1, 0.1, 6.4, 'Fair', 5),
('S1954', 4.6, 3, 3.6, 7.7, 'Good', 5),
('S1955', 2.7, 2.8, 1.4, 10, 'Poor', 3),
('S1956', 3.2, 2.3, 1.5, 5, 'Good', 6),
('S1957', 2, 1.6, 0, 7, 'Good', 5),
('S1958', 0, 3.8, 1.3, 5.7, 'Good', 5),
('S1959', 3.2, 4.5, 0.7, 5.9, 'Fair', 2),
('S1960', 7.1, 1.9, 1.1, 5.6, 'Good', 6),
('S1961', 4.7, 1.8, 1.6, 5.1, 'Good', 2),
('S1962', 3.5, 3.1, 2.9, 6.5, 'Good', 0),
('S1963', 3.1, 2.1, 2, 4.7, 'Poor', 0),
('S1964', 3.5, 2.3, 2.1, 7.6, 'Good', 5),
('S1965', 4.3, 3.4, 0.6, 6.6, 'Fair', 5),
('S1966', 1.7, 0.2, 0.8, 7, 'Poor', 1),
('S1967', 5.2, 4.1, 3.8, 5.9, 'Fair', 0),
('S1968', 4.6, 2.6, 1, 6.1, 'Good', 3),
('S1969', 4.6, 2, 3.6, 6.8, 'Fair', 5),
('S1970', 4.2, 2.4, 1.5, 5.1, 'Fair', 3),
('S1971', 3.5, 2.5, 1.8, 6.1, 'Good', 5),
('S1972', 4.5, 0.4, 3, 5.5, 'Fair', 3),
('S1973', 4.4, 4.3, 3.2, 5.4, 'Good', 4),
('S1974', 3, 2.5, 1.7, 4, 'Fair', 3),
('S1975', 2.6, 3, 1.4, 8.1, 'Fair', 6),
('S1976', 3.7, 3.6, 1.7, 5.7, 'Good', 0),
('S1977', 5.8, 1.3, 2.2, 7.9, 'Good', 5),
('S1978', 1.6, 3.1, 2.8, 7.8, 'Fair', 0),
('S1979', 1.3, 2.2, 1.8, 5, 'Good', 6),
('S1980', 3.7, 3.5, 2.5, 5.2, 'Poor', 6),
('S1981', 3.6, 0, 3.6, 9.6, 'Fair', 3),
('S1982', 3.8, 2.4, 2.2, 8.6, 'Fair', 2),
('S1983', 3.9, 1.8, 2.1, 6.5, 'Poor', 2),
('S1984', 3.2, 3, 0.1, 6.8, 'Fair', 6),
('S1985', 5.7, 3.1, 0, 5.7, 'Fair', 2),
('S1986', 1.1, 1.7, 2.2, 7, 'Poor', 5),
('S1987', 2.3, 1.6, 1.7, 5.6, 'Fair', 1),
('S1988', 3.3, 2.4, 1.2, 4.1, 'Fair', 4),
('S1989', 1, 1.4, 2.1, 4.9, 'Fair', 3),
('S1990', 3.2, 3.5, 1.7, 6.5, 'Good', 1),
('S1991', 6, 2.1, 3, 5.1, 'Good', 2),
('S1992', 3.5, 0, 1.9, 6.4, 'Fair', 3),
('S1993', 3.8, 2.1, 1, 5.2, 'Good', 1),
('S1994', 1.6, 1.3, 2.9, 5.6, 'Good', 0),
('S1995', 2.6, 0.5, 1.6, 7.5, 'Fair', 2),
('S1996', 2.9, 1, 2.4, 6.8, 'Poor', 1),
('S1997', 3, 2.6, 1.3, 6.5, 'Good', 5),
('S1998', 5.4, 4.1, 1.1, 7.6, 'Fair', 0),
('S1999', 4.3, 2.9, 1.9, 7.1, 'Good', 2);

-- --------------------------------------------------------

--
-- Table structure for table `student_lifestyle`
--

CREATE TABLE `student_lifestyle` (
  `student_id` varchar(10) NOT NULL,
  `part_time_job` varchar(5) DEFAULT NULL,
  `extracurricular_participation` varchar(5) DEFAULT NULL,
  `internet_quality` varchar(20) DEFAULT NULL
) ENGINE=InnoDB DEFAULT CHARSET=utf8mb4 COLLATE=utf8mb4_general_ci;

--
-- Dumping data for table `student_lifestyle`
--

INSERT INTO `student_lifestyle` (`student_id`, `part_time_job`, `extracurricular_participation`, `internet_quality`) VALUES
('S1000', 'No', 'Yes', 'Average'),
('S1001', 'No', 'No', 'Average'),
('S1002', 'No', 'No', 'Poor'),
('S1003', 'No', 'Yes', 'Good'),
('S1004', 'No', 'No', 'Good'),
('S1005', 'No', 'No', 'Average'),
('S1006', 'Yes', 'No', 'Poor'),
('S1007', 'Yes', 'No', 'Average'),
('S1008', 'No', 'No', 'Good'),
('S1009', 'No', 'Yes', 'Good'),
('S1010', 'No', 'No', 'Good'),
('S1011', 'No', 'No', 'Average'),
('S1012', 'Yes', 'No', 'Good'),
('S1013', 'No', 'No', 'Good'),
('S1014', 'No', 'No', 'Average'),
('S1015', 'No', 'No', 'Average'),
('S1016', 'No', 'Yes', 'Poor'),
('S1017', 'No', 'Yes', 'Average'),
('S1018', 'Yes', 'No', 'Good'),
('S1019', 'No', 'No', 'Average'),
('S1020', 'No', 'No', 'Good'),
('S1021', 'No', 'No', 'Good'),
('S1022', 'No', 'No', 'Average'),
('S1023', 'Yes', 'No', 'Good'),
('S1024', 'Yes', 'No', 'Average'),
('S1025', 'No', 'Yes', 'Average'),
('S1026', 'No', 'No', 'Poor'),
('S1027', 'Yes', 'No', 'Average'),
('S1028', 'Yes', 'Yes', 'Poor'),
('S1029', 'Yes', 'Yes', 'Poor'),
('S1030', 'No', 'No', 'Average'),
('S1031', 'Yes', 'Yes', 'Average'),
('S1032', 'No', 'No', 'Good'),
('S1033', 'No', 'No', 'Average'),
('S1034', 'No', 'No', 'Good'),
('S1035', 'Yes', 'No', 'Average'),
('S1036', 'No', 'No', 'Good'),
('S1037', 'Yes', 'No', 'Average'),
('S1038', 'No', 'No', 'Good'),
('S1039', 'No', 'No', 'Average'),
('S1040', 'No', 'No', 'Good'),
('S1041', 'No', 'No', 'Average'),
('S1042', 'No', 'Yes', 'Poor'),
('S1043', 'No', 'No', 'Good'),
('S1044', 'No', 'No', 'Poor'),
('S1045', 'No', 'Yes', 'Average'),
('S1046', 'No', 'Yes', 'Average'),
('S1047', 'No', 'Yes', 'Good'),
('S1048', 'No', 'No', 'Good'),
('S1049', 'No', 'No', 'Average'),
('S1050', 'No', 'Yes', 'Good'),
('S1051', 'No', 'No', 'Average'),
('S1052', 'No', 'No', 'Average'),
('S1053', 'No', 'Yes', 'Good'),
('S1054', 'Yes', 'No', 'Good'),
('S1055', 'No', 'No', 'Good'),
('S1056', 'No', 'No', 'Average'),
('S1057', 'No', 'Yes', 'Average'),
('S1058', 'No', 'Yes', 'Average'),
('S1059', 'No', 'Yes', 'Average'),
('S1060', 'Yes', 'No', 'Average'),
('S1061', 'No', 'No', 'Good'),
('S1062', 'Yes', 'No', 'Good'),
('S1063', 'Yes', 'No', 'Average'),
('S1064', 'No', 'Yes', 'Poor'),
('S1065', 'No', 'No', 'Good'),
('S1066', 'No', 'No', 'Average'),
('S1067', 'No', 'No', 'Good'),
('S1068', 'Yes', 'No', 'Poor'),
('S1069', 'No', 'No', 'Average'),
('S1070', 'No', 'Yes', 'Good'),
('S1071', 'No', 'Yes', 'Poor'),
('S1072', 'No', 'Yes', 'Average'),
('S1073', 'No', 'Yes', 'Average'),
('S1074', 'No', 'No', 'Good'),
('S1075', 'Yes', 'Yes', 'Good'),
('S1076', 'No', 'Yes', 'Average'),
('S1077', 'No', 'No', 'Poor'),
('S1078', 'Yes', 'No', 'Good'),
('S1079', 'Yes', 'No', 'Average'),
('S1080', 'No', 'No', 'Good'),
('S1081', 'No', 'No', 'Poor'),
('S1082', 'Yes', 'No', 'Poor'),
('S1083', 'No', 'Yes', 'Good'),
('S1084', 'No', 'No', 'Average'),
('S1085', 'No', 'No', 'Good'),
('S1086', 'No', 'No', 'Poor'),
('S1087', 'No', 'Yes', 'Average'),
('S1088', 'No', 'No', 'Good'),
('S1089', 'No', 'Yes', 'Average'),
('S1090', 'No', 'No', 'Good'),
('S1091', 'No', 'No', 'Average'),
('S1092', 'Yes', 'No', 'Good'),
('S1093', 'No', 'No', 'Good'),
('S1094', 'No', 'No', 'Average'),
('S1095', 'No', 'No', 'Good'),
('S1096', 'No', 'No', 'Good'),
('S1097', 'No', 'No', 'Average'),
('S1098', 'No', 'Yes', 'Good'),
('S1099', 'No', 'No', 'Good'),
('S1100', 'No', 'Yes', 'Average'),
('S1101', 'No', 'No', 'Average'),
('S1102', 'No', 'No', 'Average'),
('S1103', 'No', 'No', 'Average'),
('S1104', 'No', 'No', 'Good'),
('S1105', 'Yes', 'Yes', 'Average'),
('S1106', 'No', 'Yes', 'Good'),
('S1107', 'No', 'No', 'Average'),
('S1108', 'No', 'Yes', 'Average'),
('S1109', 'No', 'No', 'Good'),
('S1110', 'No', 'Yes', 'Average'),
('S1111', 'No', 'No', 'Average'),
('S1112', 'No', 'Yes', 'Poor'),
('S1113', 'No', 'No', 'Average'),
('S1114', 'No', 'No', 'Average'),
('S1115', 'No', 'No', 'Good'),
('S1116', 'No', 'Yes', 'Average'),
('S1117', 'No', 'No', 'Good'),
('S1118', 'No', 'Yes', 'Good'),
('S1119', 'Yes', 'No', 'Average'),
('S1120', 'No', 'No', 'Average'),
('S1121', 'No', 'No', 'Good'),
('S1122', 'No', 'No', 'Good'),
('S1123', 'No', 'No', 'Average'),
('S1124', 'No', 'No', 'Average'),
('S1125', 'No', 'No', 'Average'),
('S1126', 'Yes', 'No', 'Poor'),
('S1127', 'No', 'No', 'Good'),
('S1128', 'No', 'No', 'Good'),
('S1129', 'No', 'Yes', 'Average'),
('S1130', 'No', 'No', 'Good'),
('S1131', 'No', 'No', 'Good'),
('S1132', 'Yes', 'Yes', 'Average'),
('S1133', 'No', 'Yes', 'Poor'),
('S1134', 'No', 'No', 'Good'),
('S1135', 'No', 'No', 'Good'),
('S1136', 'No', 'No', 'Good'),
('S1137', 'No', 'No', 'Poor'),
('S1138', 'No', 'No', 'Average'),
('S1139', 'No', 'No', 'Poor'),
('S1140', 'No', 'No', 'Good'),
('S1141', 'No', 'No', 'Good'),
('S1142', 'No', 'Yes', 'Poor'),
('S1143', 'No', 'No', 'Good'),
('S1144', 'No', 'Yes', 'Good'),
('S1145', 'No', 'No', 'Good'),
('S1146', 'No', 'No', 'Good'),
('S1147', 'No', 'Yes', 'Poor'),
('S1148', 'No', 'No', 'Good'),
('S1149', 'Yes', 'No', 'Poor'),
('S1150', 'Yes', 'No', 'Average'),
('S1151', 'No', 'No', 'Good'),
('S1152', 'No', 'No', 'Good'),
('S1153', 'No', 'No', 'Average'),
('S1154', 'No', 'No', 'Good'),
('S1155', 'No', 'No', 'Good'),
('S1156', 'Yes', 'No', 'Good'),
('S1157', 'No', 'No', 'Poor'),
('S1158', 'No', 'Yes', 'Good'),
('S1159', 'No', 'No', 'Average'),
('S1160', 'No', 'No', 'Average'),
('S1161', 'No', 'No', 'Average'),
('S1162', 'No', 'No', 'Average'),
('S1163', 'No', 'No', 'Good'),
('S1164', 'No', 'Yes', 'Average'),
('S1165', 'No', 'No', 'Good'),
('S1166', 'No', 'No', 'Average'),
('S1167', 'Yes', 'No', 'Good'),
('S1168', 'No', 'Yes', 'Good'),
('S1169', 'Yes', 'No', 'Good'),
('S1170', 'No', 'No', 'Good'),
('S1171', 'No', 'Yes', 'Good'),
('S1172', 'No', 'No', 'Good'),
('S1173', 'No', 'Yes', 'Good'),
('S1174', 'Yes', 'No', 'Poor'),
('S1175', 'No', 'No', 'Good'),
('S1176', 'No', 'Yes', 'Average'),
('S1177', 'No', 'Yes', 'Average'),
('S1178', 'Yes', 'No', 'Good'),
('S1179', 'No', 'No', 'Average'),
('S1180', 'Yes', 'No', 'Good'),
('S1181', 'Yes', 'No', 'Average'),
('S1182', 'No', 'No', 'Poor'),
('S1183', 'No', 'Yes', 'Average'),
('S1184', 'No', 'No', 'Poor'),
('S1185', 'Yes', 'No', 'Good'),
('S1186', 'No', 'No', 'Average'),
('S1187', 'No', 'No', 'Average'),
('S1188', 'No', 'Yes', 'Poor'),
('S1189', 'No', 'Yes', 'Average'),
('S1190', 'No', 'No', 'Good'),
('S1191', 'No', 'No', 'Average'),
('S1192', 'No', 'No', 'Good'),
('S1193', 'No', 'No', 'Good'),
('S1194', 'No', 'No', 'Good'),
('S1195', 'No', 'No', 'Good'),
('S1196', 'No', 'No', 'Poor'),
('S1197', 'No', 'Yes', 'Average'),
('S1198', 'Yes', 'Yes', 'Good'),
('S1199', 'No', 'No', 'Good'),
('S1200', 'No', 'No', 'Good'),
('S1201', 'No', 'No', 'Good'),
('S1202', 'No', 'No', 'Average'),
('S1203', 'No', 'No', 'Poor'),
('S1204', 'No', 'Yes', 'Good'),
('S1205', 'No', 'No', 'Good'),
('S1206', 'No', 'Yes', 'Average'),
('S1207', 'No', 'Yes', 'Good'),
('S1208', 'Yes', 'No', 'Average'),
('S1209', 'No', 'Yes', 'Average'),
('S1210', 'Yes', 'No', 'Good'),
('S1211', 'No', 'Yes', 'Good'),
('S1212', 'No', 'Yes', 'Average'),
('S1213', 'No', 'No', 'Poor'),
('S1214', 'No', 'No', 'Average'),
('S1215', 'No', 'Yes', 'Good'),
('S1216', 'No', 'Yes', 'Average'),
('S1217', 'No', 'No', 'Good'),
('S1218', 'No', 'No', 'Good'),
('S1219', 'No', 'No', 'Good'),
('S1220', 'No', 'No', 'Average'),
('S1221', 'No', 'Yes', 'Good'),
('S1222', 'No', 'No', 'Average'),
('S1223', 'No', 'No', 'Average'),
('S1224', 'No', 'No', 'Poor'),
('S1225', 'No', 'Yes', 'Average'),
('S1226', 'Yes', 'No', 'Good'),
('S1227', 'No', 'Yes', 'Average'),
('S1228', 'No', 'Yes', 'Average'),
('S1229', 'No', 'Yes', 'Good'),
('S1230', 'No', 'Yes', 'Poor'),
('S1231', 'No', 'No', 'Good'),
('S1232', 'No', 'No', 'Average'),
('S1233', 'No', 'Yes', 'Poor'),
('S1234', 'No', 'No', 'Good'),
('S1235', 'No', 'No', 'Poor'),
('S1236', 'No', 'No', 'Good'),
('S1237', 'Yes', 'No', 'Average'),
('S1238', 'No', 'Yes', 'Poor'),
('S1239', 'No', 'No', 'Poor'),
('S1240', 'No', 'No', 'Poor'),
('S1241', 'Yes', 'No', 'Poor'),
('S1242', 'No', 'No', 'Good'),
('S1243', 'No', 'No', 'Average'),
('S1244', 'No', 'No', 'Average'),
('S1245', 'No', 'Yes', 'Average'),
('S1246', 'Yes', 'No', 'Good'),
('S1247', 'No', 'Yes', 'Good'),
('S1248', 'No', 'No', 'Good'),
('S1249', 'No', 'Yes', 'Good'),
('S1250', 'Yes', 'No', 'Average'),
('S1251', 'No', 'No', 'Average'),
('S1252', 'No', 'No', 'Good'),
('S1253', 'No', 'No', 'Good'),
('S1254', 'Yes', 'No', 'Average'),
('S1255', 'No', 'No', 'Average'),
('S1256', 'No', 'No', 'Good'),
('S1257', 'No', 'No', 'Good'),
('S1258', 'No', 'No', 'Average'),
('S1259', 'No', 'No', 'Good'),
('S1260', 'No', 'No', 'Average'),
('S1261', 'Yes', 'Yes', 'Poor'),
('S1262', 'No', 'No', 'Average'),
('S1263', 'Yes', 'No', 'Average'),
('S1264', 'No', 'No', 'Poor'),
('S1265', 'No', 'No', 'Good'),
('S1266', 'No', 'Yes', 'Average'),
('S1267', 'Yes', 'No', 'Good'),
('S1268', 'No', 'No', 'Poor'),
('S1269', 'No', 'No', 'Average'),
('S1270', 'Yes', 'Yes', 'Good'),
('S1271', 'Yes', 'No', 'Good'),
('S1272', 'Yes', 'No', 'Good'),
('S1273', 'No', 'Yes', 'Good'),
('S1274', 'No', 'Yes', 'Average'),
('S1275', 'No', 'No', 'Average'),
('S1276', 'Yes', 'Yes', 'Good'),
('S1277', 'No', 'No', 'Good'),
('S1278', 'No', 'Yes', 'Good'),
('S1279', 'No', 'No', 'Good'),
('S1280', 'No', 'No', 'Good'),
('S1281', 'Yes', 'No', 'Average'),
('S1282', 'Yes', 'No', 'Good'),
('S1283', 'Yes', 'No', 'Good'),
('S1284', 'No', 'No', 'Good'),
('S1285', 'Yes', 'Yes', 'Poor'),
('S1286', 'No', 'No', 'Average'),
('S1287', 'No', 'Yes', 'Poor'),
('S1288', 'No', 'No', 'Average'),
('S1289', 'No', 'Yes', 'Good'),
('S1290', 'No', 'No', 'Poor'),
('S1291', 'No', 'No', 'Average'),
('S1292', 'Yes', 'Yes', 'Average'),
('S1293', 'No', 'Yes', 'Good'),
('S1294', 'No', 'No', 'Average'),
('S1295', 'No', 'No', 'Average'),
('S1296', 'No', 'No', 'Average'),
('S1297', 'No', 'No', 'Average'),
('S1298', 'No', 'Yes', 'Average'),
('S1299', 'No', 'No', 'Average'),
('S1300', 'No', 'Yes', 'Good'),
('S1301', 'Yes', 'No', 'Average'),
('S1302', 'No', 'No', 'Poor'),
('S1303', 'No', 'No', 'Good'),
('S1304', 'No', 'No', 'Average'),
('S1305', 'No', 'Yes', 'Good'),
('S1306', 'No', 'No', 'Average'),
('S1307', 'Yes', 'No', 'Good'),
('S1308', 'No', 'Yes', 'Good'),
('S1309', 'No', 'Yes', 'Good'),
('S1310', 'No', 'No', 'Average'),
('S1311', 'Yes', 'No', 'Average'),
('S1312', 'No', 'No', 'Average'),
('S1313', 'No', 'No', 'Good'),
('S1314', 'No', 'Yes', 'Good'),
('S1315', 'No', 'No', 'Poor'),
('S1316', 'Yes', 'No', 'Poor'),
('S1317', 'No', 'Yes', 'Average'),
('S1318', 'No', 'No', 'Poor'),
('S1319', 'No', 'Yes', 'Average'),
('S1320', 'No', 'Yes', 'Poor'),
('S1321', 'Yes', 'Yes', 'Good'),
('S1322', 'No', 'No', 'Good'),
('S1323', 'No', 'No', 'Good'),
('S1324', 'No', 'No', 'Average'),
('S1325', 'No', 'No', 'Good'),
('S1326', 'No', 'No', 'Good'),
('S1327', 'No', 'No', 'Poor'),
('S1328', 'Yes', 'No', 'Good'),
('S1329', 'No', 'No', 'Average'),
('S1330', 'No', 'No', 'Average'),
('S1331', 'No', 'Yes', 'Average'),
('S1332', 'No', 'No', 'Poor'),
('S1333', 'No', 'No', 'Good'),
('S1334', 'No', 'No', 'Average'),
('S1335', 'No', 'Yes', 'Average'),
('S1336', 'No', 'Yes', 'Poor'),
('S1337', 'No', 'No', 'Good'),
('S1338', 'Yes', 'Yes', 'Average'),
('S1339', 'No', 'Yes', 'Good'),
('S1340', 'Yes', 'No', 'Good'),
('S1341', 'No', 'No', 'Average'),
('S1342', 'No', 'No', 'Average'),
('S1343', 'No', 'No', 'Good'),
('S1344', 'No', 'Yes', 'Poor'),
('S1345', 'No', 'No', 'Poor'),
('S1346', 'Yes', 'Yes', 'Good'),
('S1347', 'No', 'No', 'Average'),
('S1348', 'No', 'No', 'Average'),
('S1349', 'No', 'No', 'Average'),
('S1350', 'No', 'No', 'Average'),
('S1351', 'No', 'No', 'Good'),
('S1352', 'No', 'Yes', 'Good'),
('S1353', 'No', 'No', 'Good'),
('S1354', 'No', 'No', 'Good'),
('S1355', 'Yes', 'No', 'Average'),
('S1356', 'Yes', 'No', 'Average'),
('S1357', 'No', 'No', 'Average'),
('S1358', 'No', 'No', 'Average'),
('S1359', 'No', 'Yes', 'Good'),
('S1360', 'Yes', 'No', 'Good'),
('S1361', 'No', 'Yes', 'Average'),
('S1362', 'No', 'No', 'Poor'),
('S1363', 'No', 'No', 'Poor'),
('S1364', 'No', 'No', 'Average'),
('S1365', 'Yes', 'No', 'Poor'),
('S1366', 'No', 'Yes', 'Average'),
('S1367', 'No', 'No', 'Good'),
('S1368', 'Yes', 'No', 'Good'),
('S1369', 'Yes', 'No', 'Average'),
('S1370', 'Yes', 'Yes', 'Average'),
('S1371', 'Yes', 'No', 'Average'),
('S1372', 'No', 'No', 'Good'),
('S1373', 'No', 'Yes', 'Good'),
('S1374', 'Yes', 'No', 'Good'),
('S1375', 'Yes', 'Yes', 'Average'),
('S1376', 'No', 'No', 'Good'),
('S1377', 'No', 'Yes', 'Poor'),
('S1378', 'No', 'No', 'Good'),
('S1379', 'No', 'No', 'Average'),
('S1380', 'No', 'No', 'Average'),
('S1381', 'No', 'No', 'Good'),
('S1382', 'Yes', 'No', 'Average'),
('S1383', 'No', 'Yes', 'Poor'),
('S1384', 'No', 'No', 'Poor'),
('S1385', 'No', 'No', 'Poor'),
('S1386', 'No', 'No', 'Poor'),
('S1387', 'No', 'Yes', 'Poor'),
('S1388', 'No', 'Yes', 'Average'),
('S1389', 'No', 'No', 'Average'),
('S1390', 'Yes', 'No', 'Good'),
('S1391', 'Yes', 'No', 'Average'),
('S1392', 'No', 'No', 'Poor'),
('S1393', 'No', 'No', 'Average'),
('S1394', 'No', 'No', 'Good'),
('S1395', 'No', 'No', 'Good'),
('S1396', 'Yes', 'No', 'Average'),
('S1397', 'Yes', 'Yes', 'Good'),
('S1398', 'No', 'Yes', 'Good'),
('S1399', 'No', 'Yes', 'Good'),
('S1400', 'No', 'No', 'Good'),
('S1401', 'No', 'Yes', 'Good'),
('S1402', 'No', 'Yes', 'Good'),
('S1403', 'No', 'No', 'Good'),
('S1404', 'Yes', 'Yes', 'Average'),
('S1405', 'No', 'Yes', 'Good'),
('S1406', 'No', 'Yes', 'Good'),
('S1407', 'No', 'Yes', 'Poor'),
('S1408', 'No', 'No', 'Good'),
('S1409', 'No', 'No', 'Average'),
('S1410', 'No', 'No', 'Average'),
('S1411', 'Yes', 'No', 'Good'),
('S1412', 'No', 'No', 'Average'),
('S1413', 'Yes', 'No', 'Average'),
('S1414', 'No', 'Yes', 'Poor'),
('S1415', 'Yes', 'Yes', 'Average'),
('S1416', 'No', 'No', 'Average'),
('S1417', 'No', 'Yes', 'Average'),
('S1418', 'No', 'Yes', 'Average'),
('S1419', 'No', 'No', 'Good'),
('S1420', 'Yes', 'No', 'Good'),
('S1421', 'No', 'Yes', 'Poor'),
('S1422', 'No', 'Yes', 'Good'),
('S1423', 'No', 'No', 'Poor'),
('S1424', 'Yes', 'No', 'Poor'),
('S1425', 'No', 'Yes', 'Poor'),
('S1426', 'No', 'No', 'Good'),
('S1427', 'Yes', 'No', 'Good'),
('S1428', 'No', 'No', 'Average'),
('S1429', 'No', 'No', 'Average'),
('S1430', 'No', 'Yes', 'Average'),
('S1431', 'No', 'No', 'Average'),
('S1432', 'No', 'No', 'Good'),
('S1433', 'No', 'Yes', 'Average'),
('S1434', 'No', 'No', 'Good'),
('S1435', 'No', 'Yes', 'Average'),
('S1436', 'No', 'Yes', 'Good'),
('S1437', 'No', 'No', 'Good'),
('S1438', 'No', 'Yes', 'Average'),
('S1439', 'No', 'No', 'Good'),
('S1440', 'No', 'No', 'Good'),
('S1441', 'No', 'No', 'Average'),
('S1442', 'No', 'No', 'Average'),
('S1443', 'Yes', 'No', 'Good'),
('S1444', 'No', 'Yes', 'Average'),
('S1445', 'No', 'No', 'Poor'),
('S1446', 'Yes', 'No', 'Average'),
('S1447', 'No', 'Yes', 'Good'),
('S1448', 'No', 'Yes', 'Good'),
('S1449', 'No', 'Yes', 'Good'),
('S1450', 'No', 'No', 'Average'),
('S1451', 'No', 'No', 'Poor'),
('S1452', 'Yes', 'No', 'Good'),
('S1453', 'No', 'No', 'Good'),
('S1454', 'Yes', 'No', 'Poor'),
('S1455', 'Yes', 'No', 'Average'),
('S1456', 'Yes', 'No', 'Poor'),
('S1457', 'No', 'No', 'Good'),
('S1458', 'No', 'No', 'Good'),
('S1459', 'Yes', 'No', 'Good'),
('S1460', 'Yes', 'No', 'Good'),
('S1461', 'No', 'No', 'Poor'),
('S1462', 'Yes', 'No', 'Good'),
('S1463', 'Yes', 'No', 'Good'),
('S1464', 'Yes', 'No', 'Average'),
('S1465', 'No', 'No', 'Good'),
('S1466', 'No', 'No', 'Average'),
('S1467', 'No', 'No', 'Good'),
('S1468', 'No', 'Yes', 'Good'),
('S1469', 'No', 'Yes', 'Good'),
('S1470', 'No', 'No', 'Good'),
('S1471', 'No', 'No', 'Poor'),
('S1472', 'No', 'No', 'Average'),
('S1473', 'No', 'No', 'Average'),
('S1474', 'Yes', 'No', 'Good'),
('S1475', 'No', 'Yes', 'Good'),
('S1476', 'No', 'Yes', 'Good'),
('S1477', 'No', 'No', 'Poor'),
('S1478', 'No', 'Yes', 'Good'),
('S1479', 'No', 'No', 'Good'),
('S1480', 'Yes', 'No', 'Good'),
('S1481', 'No', 'No', 'Poor'),
('S1482', 'No', 'No', 'Poor'),
('S1483', 'No', 'No', 'Poor'),
('S1484', 'No', 'Yes', 'Good'),
('S1485', 'No', 'No', 'Good'),
('S1486', 'No', 'No', 'Good'),
('S1487', 'No', 'Yes', 'Average'),
('S1488', 'Yes', 'Yes', 'Average'),
('S1489', 'No', 'Yes', 'Good'),
('S1490', 'No', 'Yes', 'Good'),
('S1491', 'No', 'No', 'Good'),
('S1492', 'No', 'No', 'Good'),
('S1493', 'No', 'No', 'Average'),
('S1494', 'No', 'No', 'Good'),
('S1495', 'No', 'No', 'Good'),
('S1496', 'No', 'No', 'Average'),
('S1497', 'No', 'No', 'Average'),
('S1498', 'No', 'No', 'Average'),
('S1499', 'Yes', 'No', 'Poor'),
('S1500', 'No', 'No', 'Good'),
('S1501', 'No', 'No', 'Poor'),
('S1502', 'No', 'Yes', 'Average'),
('S1503', 'Yes', 'No', 'Average'),
('S1504', 'No', 'No', 'Good'),
('S1505', 'No', 'Yes', 'Average'),
('S1506', 'No', 'No', 'Good'),
('S1507', 'No', 'No', 'Poor'),
('S1508', 'No', 'Yes', 'Poor'),
('S1509', 'No', 'No', 'Average'),
('S1510', 'Yes', 'Yes', 'Average'),
('S1511', 'No', 'No', 'Average'),
('S1512', 'No', 'Yes', 'Poor'),
('S1513', 'Yes', 'No', 'Good'),
('S1514', 'No', 'Yes', 'Good'),
('S1515', 'No', 'Yes', 'Poor'),
('S1516', 'No', 'Yes', 'Poor'),
('S1517', 'No', 'No', 'Good'),
('S1518', 'No', 'No', 'Good'),
('S1519', 'Yes', 'No', 'Average'),
('S1520', 'Yes', 'No', 'Good'),
('S1521', 'No', 'No', 'Good'),
('S1522', 'No', 'Yes', 'Good'),
('S1523', 'No', 'No', 'Average'),
('S1524', 'No', 'Yes', 'Average'),
('S1525', 'No', 'No', 'Poor'),
('S1526', 'No', 'No', 'Good'),
('S1527', 'No', 'No', 'Good'),
('S1528', 'No', 'Yes', 'Average'),
('S1529', 'No', 'No', 'Good'),
('S1530', 'No', 'Yes', 'Good'),
('S1531', 'No', 'Yes', 'Good'),
('S1532', 'Yes', 'Yes', 'Good'),
('S1533', 'No', 'No', 'Good'),
('S1534', 'No', 'No', 'Average'),
('S1535', 'Yes', 'No', 'Good'),
('S1536', 'No', 'Yes', 'Good'),
('S1537', 'Yes', 'No', 'Average'),
('S1538', 'No', 'No', 'Poor'),
('S1539', 'No', 'Yes', 'Good'),
('S1540', 'No', 'Yes', 'Average'),
('S1541', 'Yes', 'No', 'Good'),
('S1542', 'No', 'No', 'Poor'),
('S1543', 'No', 'No', 'Poor'),
('S1544', 'No', 'No', 'Average'),
('S1545', 'No', 'Yes', 'Average'),
('S1546', 'Yes', 'Yes', 'Good'),
('S1547', 'No', 'No', 'Good'),
('S1548', 'No', 'No', 'Poor'),
('S1549', 'No', 'No', 'Average'),
('S1550', 'Yes', 'No', 'Average'),
('S1551', 'Yes', 'No', 'Average'),
('S1552', 'Yes', 'Yes', 'Good'),
('S1553', 'No', 'No', 'Average'),
('S1554', 'No', 'No', 'Poor'),
('S1555', 'No', 'Yes', 'Average'),
('S1556', 'No', 'No', 'Poor'),
('S1557', 'No', 'Yes', 'Poor'),
('S1558', 'No', 'Yes', 'Average'),
('S1559', 'No', 'No', 'Good'),
('S1560', 'Yes', 'No', 'Good'),
('S1561', 'No', 'Yes', 'Good'),
('S1562', 'No', 'No', 'Average'),
('S1563', 'Yes', 'No', 'Average'),
('S1564', 'No', 'No', 'Average'),
('S1565', 'No', 'No', 'Good'),
('S1566', 'No', 'Yes', 'Good'),
('S1567', 'No', 'Yes', 'Poor'),
('S1568', 'No', 'Yes', 'Poor'),
('S1569', 'No', 'Yes', 'Good'),
('S1570', 'No', 'Yes', 'Good'),
('S1571', 'No', 'Yes', 'Good'),
('S1572', 'No', 'No', 'Good'),
('S1573', 'No', 'No', 'Good'),
('S1574', 'No', 'No', 'Average'),
('S1575', 'No', 'Yes', 'Good'),
('S1576', 'No', 'No', 'Good'),
('S1577', 'Yes', 'Yes', 'Good'),
('S1578', 'Yes', 'No', 'Average'),
('S1579', 'Yes', 'Yes', 'Average'),
('S1580', 'No', 'No', 'Average'),
('S1581', 'No', 'No', 'Average'),
('S1582', 'No', 'No', 'Good'),
('S1583', 'No', 'Yes', 'Poor'),
('S1584', 'No', 'No', 'Average'),
('S1585', 'No', 'No', 'Good'),
('S1586', 'Yes', 'Yes', 'Poor'),
('S1587', 'No', 'No', 'Average'),
('S1588', 'No', 'No', 'Average'),
('S1589', 'No', 'No', 'Good'),
('S1590', 'No', 'No', 'Average'),
('S1591', 'No', 'No', 'Good'),
('S1592', 'Yes', 'No', 'Average'),
('S1593', 'Yes', 'No', 'Good'),
('S1594', 'Yes', 'No', 'Average'),
('S1595', 'No', 'No', 'Average'),
('S1596', 'No', 'No', 'Poor'),
('S1597', 'No', 'No', 'Poor'),
('S1598', 'Yes', 'Yes', 'Average'),
('S1599', 'No', 'No', 'Poor'),
('S1600', 'No', 'Yes', 'Average'),
('S1601', 'No', 'Yes', 'Good'),
('S1602', 'No', 'Yes', 'Average'),
('S1603', 'No', 'No', 'Average'),
('S1604', 'No', 'Yes', 'Good'),
('S1605', 'No', 'No', 'Good'),
('S1606', 'No', 'No', 'Poor'),
('S1607', 'No', 'Yes', 'Average'),
('S1608', 'No', 'Yes', 'Good'),
('S1609', 'No', 'No', 'Poor'),
('S1610', 'No', 'No', 'Good'),
('S1611', 'No', 'No', 'Poor'),
('S1612', 'No', 'No', 'Good'),
('S1613', 'No', 'No', 'Average'),
('S1614', 'No', 'No', 'Good'),
('S1615', 'No', 'No', 'Average'),
('S1616', 'No', 'No', 'Good'),
('S1617', 'No', 'No', 'Poor'),
('S1618', 'No', 'Yes', 'Average'),
('S1619', 'No', 'No', 'Good'),
('S1620', 'No', 'No', 'Average'),
('S1621', 'No', 'No', 'Good'),
('S1622', 'No', 'Yes', 'Average'),
('S1623', 'No', 'No', 'Good'),
('S1624', 'No', 'Yes', 'Average'),
('S1625', 'No', 'Yes', 'Good'),
('S1626', 'No', 'Yes', 'Good'),
('S1627', 'No', 'No', 'Average'),
('S1628', 'No', 'Yes', 'Good'),
('S1629', 'Yes', 'No', 'Good'),
('S1630', 'No', 'Yes', 'Average'),
('S1631', 'No', 'No', 'Good'),
('S1632', 'No', 'Yes', 'Poor'),
('S1633', 'No', 'Yes', 'Good'),
('S1634', 'No', 'No', 'Average'),
('S1635', 'No', 'No', 'Poor'),
('S1636', 'No', 'Yes', 'Average'),
('S1637', 'No', 'Yes', 'Good'),
('S1638', 'Yes', 'Yes', 'Good'),
('S1639', 'No', 'No', 'Good'),
('S1640', 'Yes', 'No', 'Average'),
('S1641', 'No', 'No', 'Poor'),
('S1642', 'No', 'Yes', 'Good'),
('S1643', 'No', 'No', 'Good'),
('S1644', 'No', 'Yes', 'Average'),
('S1645', 'Yes', 'Yes', 'Average'),
('S1646', 'No', 'No', 'Average'),
('S1647', 'No', 'No', 'Average'),
('S1648', 'No', 'Yes', 'Good'),
('S1649', 'No', 'No', 'Average'),
('S1650', 'No', 'No', 'Good'),
('S1651', 'Yes', 'No', 'Average'),
('S1652', 'No', 'No', 'Average'),
('S1653', 'No', 'No', 'Good'),
('S1654', 'No', 'No', 'Good'),
('S1655', 'No', 'No', 'Average'),
('S1656', 'Yes', 'No', 'Good'),
('S1657', 'No', 'Yes', 'Average'),
('S1658', 'Yes', 'No', 'Good'),
('S1659', 'No', 'Yes', 'Average'),
('S1660', 'No', 'Yes', 'Good'),
('S1661', 'No', 'No', 'Poor'),
('S1662', 'No', 'Yes', 'Average'),
('S1663', 'No', 'No', 'Good'),
('S1664', 'No', 'No', 'Good'),
('S1665', 'No', 'No', 'Average'),
('S1666', 'Yes', 'Yes', 'Average'),
('S1667', 'No', 'Yes', 'Average'),
('S1668', 'No', 'No', 'Good'),
('S1669', 'No', 'No', 'Good'),
('S1670', 'No', 'Yes', 'Good'),
('S1671', 'No', 'Yes', 'Average'),
('S1672', 'No', 'No', 'Good'),
('S1673', 'No', 'Yes', 'Average'),
('S1674', 'No', 'No', 'Poor'),
('S1675', 'No', 'No', 'Good'),
('S1676', 'No', 'No', 'Good'),
('S1677', 'No', 'No', 'Good'),
('S1678', 'Yes', 'Yes', 'Good'),
('S1679', 'No', 'No', 'Good'),
('S1680', 'No', 'No', 'Good'),
('S1681', 'No', 'No', 'Average'),
('S1682', 'No', 'No', 'Average'),
('S1683', 'Yes', 'No', 'Good'),
('S1684', 'No', 'Yes', 'Good'),
('S1685', 'No', 'No', 'Average'),
('S1686', 'Yes', 'No', 'Average'),
('S1687', 'Yes', 'No', 'Average'),
('S1688', 'No', 'No', 'Poor'),
('S1689', 'No', 'No', 'Good'),
('S1690', 'Yes', 'No', 'Average'),
('S1691', 'No', 'No', 'Good'),
('S1692', 'No', 'Yes', 'Average'),
('S1693', 'No', 'No', 'Average'),
('S1694', 'No', 'No', 'Poor'),
('S1695', 'No', 'No', 'Good'),
('S1696', 'No', 'No', 'Good'),
('S1697', 'No', 'No', 'Good'),
('S1698', 'No', 'No', 'Poor'),
('S1699', 'No', 'No', 'Average'),
('S1700', 'No', 'Yes', 'Poor'),
('S1701', 'No', 'Yes', 'Average'),
('S1702', 'No', 'No', 'Good'),
('S1703', 'Yes', 'No', 'Good'),
('S1704', 'No', 'Yes', 'Good'),
('S1705', 'No', 'Yes', 'Average'),
('S1706', 'No', 'No', 'Average'),
('S1707', 'No', 'No', 'Average'),
('S1708', 'No', 'No', 'Poor'),
('S1709', 'No', 'Yes', 'Good'),
('S1710', 'No', 'No', 'Good'),
('S1711', 'No', 'No', 'Average'),
('S1712', 'Yes', 'No', 'Average'),
('S1713', 'Yes', 'No', 'Good'),
('S1714', 'No', 'Yes', 'Good'),
('S1715', 'No', 'No', 'Good'),
('S1716', 'No', 'Yes', 'Average'),
('S1717', 'Yes', 'Yes', 'Average'),
('S1718', 'No', 'No', 'Good'),
('S1719', 'Yes', 'No', 'Good'),
('S1720', 'Yes', 'No', 'Average'),
('S1721', 'Yes', 'No', 'Good'),
('S1722', 'No', 'No', 'Good'),
('S1723', 'No', 'No', 'Average'),
('S1724', 'No', 'Yes', 'Average'),
('S1725', 'No', 'No', 'Average'),
('S1726', 'Yes', 'Yes', 'Poor'),
('S1727', 'No', 'No', 'Good'),
('S1728', 'No', 'Yes', 'Average'),
('S1729', 'No', 'No', 'Good'),
('S1730', 'Yes', 'No', 'Good'),
('S1731', 'No', 'No', 'Poor'),
('S1732', 'No', 'No', 'Average'),
('S1733', 'No', 'No', 'Good'),
('S1734', 'No', 'No', 'Good'),
('S1735', 'Yes', 'No', 'Good'),
('S1736', 'No', 'No', 'Average'),
('S1737', 'Yes', 'Yes', 'Average'),
('S1738', 'No', 'Yes', 'Good'),
('S1739', 'No', 'Yes', 'Good'),
('S1740', 'Yes', 'Yes', 'Average'),
('S1741', 'No', 'No', 'Good'),
('S1742', 'No', 'Yes', 'Average'),
('S1743', 'Yes', 'Yes', 'Good'),
('S1744', 'No', 'Yes', 'Good'),
('S1745', 'No', 'No', 'Average'),
('S1746', 'No', 'No', 'Good'),
('S1747', 'No', 'No', 'Average'),
('S1748', 'No', 'No', 'Average'),
('S1749', 'No', 'Yes', 'Poor'),
('S1750', 'No', 'No', 'Poor'),
('S1751', 'No', 'No', 'Average'),
('S1752', 'Yes', 'Yes', 'Good'),
('S1753', 'No', 'No', 'Good'),
('S1754', 'No', 'No', 'Poor'),
('S1755', 'Yes', 'No', 'Good'),
('S1756', 'No', 'No', 'Good'),
('S1757', 'No', 'Yes', 'Good'),
('S1758', 'No', 'Yes', 'Good'),
('S1759', 'Yes', 'Yes', 'Average'),
('S1760', 'Yes', 'Yes', 'Average'),
('S1761', 'No', 'Yes', 'Good'),
('S1762', 'No', 'No', 'Poor'),
('S1763', 'Yes', 'Yes', 'Poor'),
('S1764', 'No', 'No', 'Poor'),
('S1765', 'Yes', 'No', 'Average'),
('S1766', 'No', 'No', 'Average'),
('S1767', 'No', 'No', 'Average'),
('S1768', 'No', 'No', 'Poor'),
('S1769', 'No', 'No', 'Good'),
('S1770', 'No', 'No', 'Good'),
('S1771', 'No', 'No', 'Average'),
('S1772', 'No', 'No', 'Poor'),
('S1773', 'No', 'Yes', 'Poor'),
('S1774', 'Yes', 'No', 'Average'),
('S1775', 'No', 'No', 'Average'),
('S1776', 'No', 'No', 'Average'),
('S1777', 'Yes', 'Yes', 'Good'),
('S1778', 'No', 'No', 'Average'),
('S1779', 'Yes', 'No', 'Average'),
('S1780', 'No', 'Yes', 'Average'),
('S1781', 'No', 'No', 'Good'),
('S1782', 'Yes', 'No', 'Good'),
('S1783', 'No', 'No', 'Good'),
('S1784', 'No', 'No', 'Good'),
('S1785', 'No', 'No', 'Average'),
('S1786', 'No', 'No', 'Average'),
('S1787', 'No', 'Yes', 'Good'),
('S1788', 'No', 'No', 'Poor'),
('S1789', 'No', 'No', 'Good'),
('S1790', 'No', 'No', 'Good'),
('S1791', 'No', 'No', 'Good'),
('S1792', 'No', 'Yes', 'Poor'),
('S1793', 'No', 'No', 'Good'),
('S1794', 'No', 'No', 'Average'),
('S1795', 'No', 'Yes', 'Poor'),
('S1796', 'No', 'Yes', 'Average'),
('S1797', 'No', 'Yes', 'Good'),
('S1798', 'No', 'No', 'Average'),
('S1799', 'No', 'Yes', 'Average'),
('S1800', 'No', 'Yes', 'Poor'),
('S1801', 'No', 'No', 'Good'),
('S1802', 'No', 'No', 'Good'),
('S1803', 'No', 'Yes', 'Good'),
('S1804', 'Yes', 'Yes', 'Average'),
('S1805', 'No', 'Yes', 'Average'),
('S1806', 'No', 'Yes', 'Good'),
('S1807', 'No', 'Yes', 'Average'),
('S1808', 'Yes', 'No', 'Good'),
('S1809', 'No', 'Yes', 'Good'),
('S1810', 'No', 'No', 'Average'),
('S1811', 'Yes', 'No', 'Average'),
('S1812', 'No', 'No', 'Good'),
('S1813', 'No', 'No', 'Average'),
('S1814', 'No', 'No', 'Average'),
('S1815', 'No', 'No', 'Good'),
('S1816', 'No', 'No', 'Average'),
('S1817', 'No', 'Yes', 'Good'),
('S1818', 'No', 'Yes', 'Poor'),
('S1819', 'No', 'No', 'Good'),
('S1820', 'No', 'No', 'Poor'),
('S1821', 'No', 'No', 'Poor'),
('S1822', 'No', 'No', 'Good'),
('S1823', 'No', 'No', 'Good'),
('S1824', 'No', 'No', 'Average'),
('S1825', 'Yes', 'No', 'Average'),
('S1826', 'No', 'No', 'Good'),
('S1827', 'No', 'No', 'Average'),
('S1828', 'No', 'No', 'Good'),
('S1829', 'No', 'Yes', 'Good'),
('S1830', 'No', 'No', 'Good'),
('S1831', 'No', 'Yes', 'Average'),
('S1832', 'Yes', 'Yes', 'Average'),
('S1833', 'No', 'No', 'Good'),
('S1834', 'Yes', 'Yes', 'Poor'),
('S1835', 'No', 'No', 'Average'),
('S1836', 'No', 'Yes', 'Poor'),
('S1837', 'No', 'No', 'Poor'),
('S1838', 'No', 'Yes', 'Average'),
('S1839', 'No', 'No', 'Average'),
('S1840', 'Yes', 'Yes', 'Good'),
('S1841', 'Yes', 'No', 'Average'),
('S1842', 'No', 'No', 'Average'),
('S1843', 'Yes', 'No', 'Poor'),
('S1844', 'Yes', 'Yes', 'Good'),
('S1845', 'No', 'Yes', 'Average'),
('S1846', 'No', 'Yes', 'Good'),
('S1847', 'No', 'No', 'Good'),
('S1848', 'No', 'No', 'Poor'),
('S1849', 'No', 'No', 'Average'),
('S1850', 'No', 'Yes', 'Average'),
('S1851', 'No', 'No', 'Good'),
('S1852', 'No', 'No', 'Good'),
('S1853', 'No', 'Yes', 'Good'),
('S1854', 'No', 'No', 'Average'),
('S1855', 'No', 'No', 'Good'),
('S1856', 'Yes', 'Yes', 'Poor'),
('S1857', 'Yes', 'Yes', 'Poor'),
('S1858', 'Yes', 'Yes', 'Good'),
('S1859', 'No', 'No', 'Good'),
('S1860', 'No', 'Yes', 'Poor'),
('S1861', 'No', 'Yes', 'Poor'),
('S1862', 'No', 'No', 'Poor'),
('S1863', 'No', 'Yes', 'Poor'),
('S1864', 'Yes', 'Yes', 'Average'),
('S1865', 'No', 'No', 'Good'),
('S1866', 'No', 'Yes', 'Good'),
('S1867', 'No', 'No', 'Good'),
('S1868', 'No', 'No', 'Good'),
('S1869', 'Yes', 'No', 'Average'),
('S1870', 'Yes', 'No', 'Good'),
('S1871', 'Yes', 'Yes', 'Good'),
('S1872', 'No', 'No', 'Average'),
('S1873', 'No', 'No', 'Good'),
('S1874', 'No', 'No', 'Average'),
('S1875', 'No', 'No', 'Good'),
('S1876', 'No', 'No', 'Good'),
('S1877', 'No', 'No', 'Average'),
('S1878', 'Yes', 'No', 'Good'),
('S1879', 'No', 'No', 'Poor'),
('S1880', 'No', 'No', 'Good'),
('S1881', 'Yes', 'No', 'Average'),
('S1882', 'No', 'No', 'Poor'),
('S1883', 'No', 'No', 'Average'),
('S1884', 'No', 'No', 'Good'),
('S1885', 'No', 'No', 'Poor'),
('S1886', 'No', 'Yes', 'Good'),
('S1887', 'No', 'No', 'Poor'),
('S1888', 'Yes', 'Yes', 'Good'),
('S1889', 'Yes', 'No', 'Good'),
('S1890', 'Yes', 'No', 'Average'),
('S1891', 'Yes', 'Yes', 'Average'),
('S1892', 'No', 'No', 'Good'),
('S1893', 'No', 'No', 'Good'),
('S1894', 'Yes', 'Yes', 'Good'),
('S1895', 'No', 'No', 'Average'),
('S1896', 'Yes', 'No', 'Average'),
('S1897', 'No', 'Yes', 'Good'),
('S1898', 'No', 'No', 'Average'),
('S1899', 'No', 'No', 'Average'),
('S1900', 'No', 'Yes', 'Average'),
('S1901', 'No', 'Yes', 'Good'),
('S1902', 'No', 'No', 'Good'),
('S1903', 'No', 'No', 'Average'),
('S1904', 'Yes', 'Yes', 'Poor'),
('S1905', 'Yes', 'Yes', 'Poor'),
('S1906', 'Yes', 'No', 'Average'),
('S1907', 'No', 'No', 'Average'),
('S1908', 'Yes', 'No', 'Good'),
('S1909', 'No', 'No', 'Average'),
('S1910', 'No', 'No', 'Average'),
('S1911', 'No', 'No', 'Good'),
('S1912', 'No', 'No', 'Average'),
('S1913', 'Yes', 'No', 'Good'),
('S1914', 'Yes', 'No', 'Poor'),
('S1915', 'No', 'No', 'Average'),
('S1916', 'No', 'No', 'Good'),
('S1917', 'No', 'No', 'Good'),
('S1918', 'Yes', 'No', 'Average'),
('S1919', 'No', 'Yes', 'Good'),
('S1920', 'Yes', 'No', 'Good'),
('S1921', 'No', 'No', 'Average'),
('S1922', 'No', 'Yes', 'Average'),
('S1923', 'No', 'No', 'Good'),
('S1924', 'Yes', 'Yes', 'Average'),
('S1925', 'Yes', 'No', 'Good'),
('S1926', 'No', 'Yes', 'Good'),
('S1927', 'No', 'No', 'Good'),
('S1928', 'No', 'No', 'Average'),
('S1929', 'No', 'Yes', 'Average'),
('S1930', 'No', 'No', 'Good'),
('S1931', 'Yes', 'Yes', 'Average'),
('S1932', 'No', 'No', 'Average'),
('S1933', 'No', 'No', 'Average'),
('S1934', 'No', 'Yes', 'Poor'),
('S1935', 'Yes', 'No', 'Good'),
('S1936', 'No', 'Yes', 'Average'),
('S1937', 'No', 'No', 'Good'),
('S1938', 'No', 'No', 'Poor'),
('S1939', 'No', 'No', 'Good'),
('S1940', 'Yes', 'No', 'Average'),
('S1941', 'No', 'No', 'Good'),
('S1942', 'No', 'No', 'Good'),
('S1943', 'No', 'No', 'Poor'),
('S1944', 'No', 'Yes', 'Good'),
('S1945', 'Yes', 'No', 'Average'),
('S1946', 'No', 'Yes', 'Good'),
('S1947', 'Yes', 'Yes', 'Good'),
('S1948', 'No', 'No', 'Good'),
('S1949', 'No', 'No', 'Good'),
('S1950', 'No', 'No', 'Average'),
('S1951', 'No', 'No', 'Poor'),
('S1952', 'Yes', 'No', 'Average'),
('S1953', 'No', 'No', 'Average'),
('S1954', 'No', 'Yes', 'Good'),
('S1955', 'Yes', 'No', 'Average'),
('S1956', 'No', 'No', 'Good'),
('S1957', 'No', 'No', 'Average'),
('S1958', 'Yes', 'No', 'Average'),
('S1959', 'No', 'No', 'Good'),
('S1960', 'Yes', 'No', 'Average'),
('S1961', 'No', 'No', 'Good'),
('S1962', 'Yes', 'No', 'Average'),
('S1963', 'No', 'No', 'Good'),
('S1964', 'No', 'Yes', 'Poor'),
('S1965', 'No', 'Yes', 'Average'),
('S1966', 'No', 'Yes', 'Good'),
('S1967', 'No', 'No', 'Good'),
('S1968', 'No', 'No', 'Average'),
('S1969', 'Yes', 'No', 'Average'),
('S1970', 'No', 'Yes', 'Average'),
('S1971', 'No', 'No', 'Average'),
('S1972', 'No', 'No', 'Good'),
('S1973', 'No', 'No', 'Good'),
('S1974', 'No', 'No', 'Poor'),
('S1975', 'No', 'No', 'Average'),
('S1976', 'No', 'Yes', 'Good'),
('S1977', 'Yes', 'Yes', 'Average'),
('S1978', 'No', 'Yes', 'Good'),
('S1979', 'No', 'No', 'Poor'),
('S1980', 'No', 'Yes', 'Good'),
('S1981', 'No', 'No', 'Average'),
('S1982', 'Yes', 'No', 'Good'),
('S1983', 'No', 'No', 'Average'),
('S1984', 'No', 'No', 'Average'),
('S1985', 'Yes', 'Yes', 'Good'),
('S1986', 'No', 'No', 'Poor'),
('S1987', 'Yes', 'No', 'Average'),
('S1988', 'No', 'Yes', 'Average'),
('S1989', 'Yes', 'No', 'Average'),
('S1990', 'No', 'No', 'Good'),
('S1991', 'No', 'No', 'Good'),
('S1992', 'No', 'No', 'Poor'),
('S1993', 'No', 'No', 'Good'),
('S1994', 'No', 'No', 'Average'),
('S1995', 'No', 'Yes', 'Good'),
('S1996', 'Yes', 'Yes', 'Average'),
('S1997', 'No', 'Yes', 'Good'),
('S1998', 'Yes', 'No', 'Average'),
('S1999', 'No', 'No', 'Average');

-- --------------------------------------------------------

--
-- Table structure for table `student_predicted_performance`
--

CREATE TABLE `student_predicted_performance` (
  `student_id` varchar(10) NOT NULL,
  `predicted_performance` varchar(20) DEFAULT NULL
) ENGINE=InnoDB DEFAULT CHARSET=utf8mb4 COLLATE=utf8mb4_general_ci;

--
-- Dumping data for table `student_predicted_performance`
--

INSERT INTO `student_predicted_performance` (`student_id`, `predicted_performance`) VALUES
('S1000', NULL),
('S1001', NULL),
('S1002', NULL),
('S1003', NULL),
('S1004', NULL),
('S1005', NULL),
('S1006', NULL),
('S1007', NULL),
('S1008', NULL),
('S1009', NULL),
('S1010', NULL),
('S1011', NULL),
('S1012', NULL),
('S1013', NULL),
('S1014', NULL),
('S1015', NULL),
('S1016', NULL),
('S1017', NULL),
('S1018', NULL),
('S1019', NULL),
('S1020', NULL),
('S1021', NULL),
('S1022', NULL),
('S1023', NULL),
('S1024', NULL),
('S1025', NULL),
('S1026', NULL),
('S1027', NULL),
('S1028', NULL),
('S1029', NULL),
('S1030', NULL),
('S1031', NULL),
('S1032', NULL),
('S1033', NULL),
('S1034', NULL),
('S1035', NULL),
('S1036', NULL),
('S1037', NULL),
('S1038', NULL),
('S1039', NULL),
('S1040', NULL),
('S1041', NULL),
('S1042', NULL),
('S1043', NULL),
('S1044', NULL),
('S1045', NULL),
('S1046', NULL),
('S1047', NULL),
('S1048', NULL),
('S1049', NULL),
('S1050', NULL),
('S1051', NULL),
('S1052', NULL),
('S1053', NULL),
('S1054', NULL),
('S1055', NULL),
('S1056', NULL),
('S1057', NULL),
('S1058', NULL),
('S1059', NULL),
('S1060', NULL),
('S1061', NULL),
('S1062', NULL),
('S1063', NULL),
('S1064', NULL),
('S1065', NULL),
('S1066', NULL),
('S1067', NULL),
('S1068', NULL),
('S1069', NULL),
('S1070', NULL),
('S1071', NULL),
('S1072', NULL),
('S1073', NULL),
('S1074', NULL),
('S1075', NULL),
('S1076', NULL),
('S1077', NULL),
('S1078', NULL),
('S1079', NULL),
('S1080', NULL),
('S1081', NULL),
('S1082', NULL),
('S1083', NULL),
('S1084', NULL),
('S1085', NULL),
('S1086', NULL),
('S1087', NULL),
('S1088', NULL),
('S1089', NULL),
('S1090', NULL),
('S1091', NULL),
('S1092', NULL),
('S1093', NULL),
('S1094', NULL),
('S1095', NULL),
('S1096', NULL),
('S1097', NULL),
('S1098', NULL),
('S1099', NULL),
('S1100', NULL),
('S1101', NULL),
('S1102', NULL),
('S1103', NULL),
('S1104', NULL),
('S1105', NULL),
('S1106', NULL),
('S1107', NULL),
('S1108', NULL),
('S1109', NULL),
('S1110', NULL),
('S1111', NULL),
('S1112', NULL),
('S1113', NULL),
('S1114', NULL),
('S1115', NULL),
('S1116', NULL),
('S1117', NULL),
('S1118', NULL),
('S1119', NULL),
('S1120', NULL),
('S1121', NULL),
('S1122', NULL),
('S1123', NULL),
('S1124', NULL),
('S1125', NULL),
('S1126', NULL),
('S1127', NULL),
('S1128', NULL),
('S1129', NULL),
('S1130', NULL),
('S1131', NULL),
('S1132', NULL),
('S1133', NULL),
('S1134', NULL),
('S1135', NULL),
('S1136', NULL),
('S1137', NULL),
('S1138', NULL),
('S1139', NULL),
('S1140', NULL),
('S1141', NULL),
('S1142', NULL),
('S1143', NULL),
('S1144', NULL),
('S1145', NULL),
('S1146', NULL),
('S1147', NULL),
('S1148', NULL),
('S1149', NULL),
('S1150', NULL),
('S1151', NULL),
('S1152', NULL),
('S1153', NULL),
('S1154', NULL),
('S1155', NULL),
('S1156', NULL),
('S1157', NULL),
('S1158', NULL),
('S1159', NULL),
('S1160', NULL),
('S1161', NULL),
('S1162', NULL),
('S1163', NULL),
('S1164', NULL),
('S1165', NULL),
('S1166', NULL),
('S1167', NULL),
('S1168', NULL),
('S1169', NULL),
('S1170', NULL),
('S1171', NULL),
('S1172', NULL),
('S1173', NULL),
('S1174', NULL),
('S1175', NULL),
('S1176', NULL),
('S1177', NULL),
('S1178', NULL),
('S1179', NULL),
('S1180', NULL),
('S1181', NULL),
('S1182', NULL),
('S1183', NULL),
('S1184', NULL),
('S1185', NULL),
('S1186', NULL),
('S1187', NULL),
('S1188', NULL),
('S1189', NULL),
('S1190', NULL),
('S1191', NULL),
('S1192', NULL),
('S1193', NULL),
('S1194', NULL),
('S1195', NULL),
('S1196', NULL),
('S1197', NULL),
('S1198', NULL),
('S1199', NULL),
('S1200', NULL),
('S1201', NULL),
('S1202', NULL),
('S1203', NULL),
('S1204', NULL),
('S1205', NULL),
('S1206', NULL),
('S1207', NULL),
('S1208', NULL),
('S1209', NULL),
('S1210', NULL),
('S1211', NULL),
('S1212', NULL),
('S1213', NULL),
('S1214', NULL),
('S1215', NULL),
('S1216', NULL),
('S1217', NULL),
('S1218', NULL),
('S1219', NULL),
('S1220', NULL),
('S1221', NULL),
('S1222', NULL),
('S1223', NULL),
('S1224', NULL),
('S1225', NULL),
('S1226', NULL),
('S1227', NULL),
('S1228', NULL),
('S1229', NULL),
('S1230', NULL),
('S1231', NULL),
('S1232', NULL),
('S1233', NULL),
('S1234', NULL),
('S1235', NULL),
('S1236', NULL),
('S1237', NULL),
('S1238', NULL),
('S1239', NULL),
('S1240', NULL),
('S1241', NULL),
('S1242', NULL),
('S1243', NULL),
('S1244', NULL),
('S1245', NULL),
('S1246', NULL),
('S1247', NULL),
('S1248', NULL),
('S1249', NULL),
('S1250', NULL),
('S1251', NULL),
('S1252', NULL),
('S1253', NULL),
('S1254', NULL),
('S1255', NULL),
('S1256', NULL),
('S1257', NULL),
('S1258', NULL),
('S1259', NULL),
('S1260', NULL),
('S1261', NULL),
('S1262', NULL),
('S1263', NULL),
('S1264', NULL),
('S1265', NULL),
('S1266', NULL),
('S1267', NULL),
('S1268', NULL),
('S1269', NULL),
('S1270', NULL),
('S1271', NULL),
('S1272', NULL),
('S1273', NULL),
('S1274', NULL),
('S1275', NULL),
('S1276', NULL),
('S1277', NULL),
('S1278', NULL),
('S1279', NULL),
('S1280', NULL),
('S1281', NULL),
('S1282', NULL),
('S1283', NULL),
('S1284', NULL),
('S1285', NULL),
('S1286', NULL),
('S1287', NULL),
('S1288', NULL),
('S1289', NULL),
('S1290', NULL),
('S1291', NULL),
('S1292', NULL),
('S1293', NULL),
('S1294', NULL),
('S1295', NULL),
('S1296', NULL),
('S1297', NULL),
('S1298', NULL),
('S1299', NULL),
('S1300', NULL),
('S1301', NULL),
('S1302', NULL),
('S1303', NULL),
('S1304', NULL),
('S1305', NULL),
('S1306', NULL),
('S1307', NULL),
('S1308', NULL),
('S1309', NULL),
('S1310', NULL),
('S1311', NULL),
('S1312', NULL),
('S1313', NULL),
('S1314', NULL),
('S1315', NULL),
('S1316', NULL),
('S1317', NULL),
('S1318', NULL),
('S1319', NULL),
('S1320', NULL),
('S1321', NULL),
('S1322', NULL),
('S1323', NULL),
('S1324', NULL),
('S1325', NULL),
('S1326', NULL),
('S1327', NULL),
('S1328', NULL),
('S1329', NULL),
('S1330', NULL),
('S1331', NULL),
('S1332', NULL),
('S1333', NULL),
('S1334', NULL),
('S1335', NULL),
('S1336', NULL),
('S1337', NULL),
('S1338', NULL),
('S1339', NULL),
('S1340', NULL),
('S1341', NULL),
('S1342', NULL),
('S1343', NULL),
('S1344', NULL),
('S1345', NULL),
('S1346', NULL),
('S1347', NULL),
('S1348', NULL),
('S1349', NULL),
('S1350', NULL),
('S1351', NULL),
('S1352', NULL),
('S1353', NULL),
('S1354', NULL),
('S1355', NULL),
('S1356', NULL),
('S1357', NULL),
('S1358', NULL),
('S1359', NULL),
('S1360', NULL),
('S1361', NULL),
('S1362', NULL),
('S1363', NULL),
('S1364', NULL),
('S1365', NULL),
('S1366', NULL),
('S1367', NULL),
('S1368', NULL),
('S1369', NULL),
('S1370', NULL),
('S1371', NULL),
('S1372', NULL),
('S1373', NULL),
('S1374', NULL),
('S1375', NULL),
('S1376', NULL),
('S1377', NULL),
('S1378', NULL),
('S1379', NULL),
('S1380', NULL),
('S1381', NULL),
('S1382', NULL),
('S1383', NULL),
('S1384', NULL),
('S1385', NULL),
('S1386', NULL),
('S1387', NULL),
('S1388', NULL),
('S1389', NULL),
('S1390', NULL),
('S1391', NULL),
('S1392', NULL),
('S1393', NULL),
('S1394', NULL),
('S1395', NULL),
('S1396', NULL),
('S1397', NULL),
('S1398', NULL),
('S1399', NULL),
('S1400', NULL),
('S1401', NULL),
('S1402', NULL),
('S1403', NULL),
('S1404', NULL),
('S1405', NULL),
('S1406', NULL),
('S1407', NULL),
('S1408', NULL),
('S1409', NULL),
('S1410', NULL),
('S1411', NULL),
('S1412', NULL),
('S1413', NULL),
('S1414', NULL),
('S1415', NULL),
('S1416', NULL),
('S1417', NULL),
('S1418', NULL),
('S1419', NULL),
('S1420', NULL),
('S1421', NULL),
('S1422', NULL),
('S1423', NULL),
('S1424', NULL),
('S1425', NULL),
('S1426', NULL),
('S1427', NULL),
('S1428', NULL),
('S1429', NULL),
('S1430', NULL),
('S1431', NULL),
('S1432', NULL),
('S1433', NULL),
('S1434', NULL),
('S1435', NULL),
('S1436', NULL),
('S1437', NULL),
('S1438', NULL),
('S1439', NULL),
('S1440', NULL),
('S1441', NULL),
('S1442', NULL),
('S1443', NULL),
('S1444', NULL),
('S1445', NULL),
('S1446', NULL),
('S1447', NULL),
('S1448', NULL),
('S1449', NULL),
('S1450', NULL),
('S1451', NULL),
('S1452', NULL),
('S1453', NULL),
('S1454', NULL),
('S1455', NULL),
('S1456', NULL),
('S1457', NULL),
('S1458', NULL),
('S1459', NULL),
('S1460', NULL),
('S1461', NULL),
('S1462', NULL),
('S1463', NULL),
('S1464', NULL),
('S1465', NULL),
('S1466', NULL),
('S1467', NULL),
('S1468', NULL),
('S1469', NULL),
('S1470', NULL),
('S1471', NULL),
('S1472', NULL),
('S1473', NULL),
('S1474', NULL),
('S1475', NULL),
('S1476', NULL),
('S1477', NULL),
('S1478', NULL),
('S1479', NULL),
('S1480', NULL),
('S1481', NULL),
('S1482', NULL),
('S1483', NULL),
('S1484', NULL),
('S1485', NULL),
('S1486', NULL),
('S1487', NULL),
('S1488', NULL),
('S1489', NULL),
('S1490', NULL),
('S1491', NULL),
('S1492', NULL),
('S1493', NULL),
('S1494', NULL),
('S1495', NULL),
('S1496', NULL),
('S1497', NULL),
('S1498', NULL),
('S1499', NULL),
('S1500', NULL),
('S1501', NULL),
('S1502', NULL),
('S1503', NULL),
('S1504', NULL),
('S1505', NULL),
('S1506', NULL),
('S1507', NULL),
('S1508', NULL),
('S1509', NULL),
('S1510', NULL),
('S1511', NULL),
('S1512', NULL),
('S1513', NULL),
('S1514', NULL),
('S1515', NULL),
('S1516', NULL),
('S1517', NULL),
('S1518', NULL),
('S1519', NULL),
('S1520', NULL),
('S1521', NULL),
('S1522', NULL),
('S1523', NULL),
('S1524', NULL),
('S1525', NULL),
('S1526', NULL),
('S1527', NULL),
('S1528', NULL),
('S1529', NULL),
('S1530', NULL),
('S1531', NULL),
('S1532', NULL),
('S1533', NULL),
('S1534', NULL),
('S1535', NULL),
('S1536', NULL),
('S1537', NULL),
('S1538', NULL),
('S1539', NULL),
('S1540', NULL),
('S1541', NULL),
('S1542', NULL),
('S1543', NULL),
('S1544', NULL),
('S1545', NULL),
('S1546', NULL),
('S1547', NULL),
('S1548', NULL),
('S1549', NULL),
('S1550', NULL),
('S1551', NULL),
('S1552', NULL),
('S1553', NULL),
('S1554', NULL),
('S1555', NULL),
('S1556', NULL),
('S1557', NULL),
('S1558', NULL),
('S1559', NULL),
('S1560', NULL),
('S1561', NULL),
('S1562', NULL),
('S1563', NULL),
('S1564', NULL),
('S1565', NULL),
('S1566', NULL),
('S1567', NULL),
('S1568', NULL),
('S1569', NULL),
('S1570', NULL),
('S1571', NULL),
('S1572', NULL),
('S1573', NULL),
('S1574', NULL),
('S1575', NULL),
('S1576', NULL),
('S1577', NULL),
('S1578', NULL),
('S1579', NULL),
('S1580', NULL),
('S1581', NULL),
('S1582', NULL),
('S1583', NULL),
('S1584', NULL),
('S1585', NULL),
('S1586', NULL),
('S1587', NULL),
('S1588', NULL),
('S1589', NULL),
('S1590', NULL),
('S1591', NULL),
('S1592', NULL),
('S1593', NULL),
('S1594', NULL),
('S1595', NULL),
('S1596', NULL),
('S1597', NULL),
('S1598', NULL),
('S1599', NULL),
('S1600', NULL),
('S1601', NULL),
('S1602', NULL),
('S1603', NULL),
('S1604', NULL),
('S1605', NULL),
('S1606', NULL),
('S1607', NULL),
('S1608', NULL),
('S1609', NULL),
('S1610', NULL),
('S1611', NULL),
('S1612', NULL),
('S1613', NULL),
('S1614', NULL),
('S1615', NULL),
('S1616', NULL),
('S1617', NULL),
('S1618', NULL),
('S1619', NULL),
('S1620', NULL),
('S1621', NULL),
('S1622', NULL),
('S1623', NULL),
('S1624', NULL),
('S1625', NULL),
('S1626', NULL),
('S1627', NULL),
('S1628', NULL),
('S1629', NULL),
('S1630', NULL),
('S1631', NULL),
('S1632', NULL),
('S1633', NULL),
('S1634', NULL),
('S1635', NULL),
('S1636', NULL),
('S1637', NULL),
('S1638', NULL),
('S1639', NULL),
('S1640', NULL),
('S1641', NULL),
('S1642', NULL),
('S1643', NULL),
('S1644', NULL),
('S1645', NULL),
('S1646', NULL),
('S1647', NULL),
('S1648', NULL),
('S1649', NULL),
('S1650', NULL),
('S1651', NULL),
('S1652', NULL),
('S1653', NULL),
('S1654', NULL),
('S1655', NULL),
('S1656', NULL),
('S1657', NULL),
('S1658', NULL),
('S1659', NULL),
('S1660', NULL),
('S1661', NULL),
('S1662', NULL),
('S1663', NULL),
('S1664', NULL),
('S1665', NULL),
('S1666', NULL),
('S1667', NULL),
('S1668', NULL),
('S1669', NULL),
('S1670', NULL),
('S1671', NULL),
('S1672', NULL),
('S1673', NULL),
('S1674', NULL),
('S1675', NULL),
('S1676', NULL),
('S1677', NULL),
('S1678', NULL),
('S1679', NULL),
('S1680', NULL),
('S1681', NULL),
('S1682', NULL),
('S1683', NULL),
('S1684', NULL),
('S1685', NULL),
('S1686', NULL),
('S1687', NULL),
('S1688', NULL),
('S1689', NULL),
('S1690', NULL),
('S1691', NULL),
('S1692', NULL),
('S1693', NULL),
('S1694', NULL),
('S1695', NULL),
('S1696', NULL),
('S1697', NULL),
('S1698', NULL),
('S1699', NULL),
('S1700', NULL),
('S1701', NULL),
('S1702', NULL),
('S1703', NULL),
('S1704', NULL),
('S1705', NULL),
('S1706', NULL),
('S1707', NULL),
('S1708', NULL),
('S1709', NULL),
('S1710', NULL),
('S1711', NULL),
('S1712', NULL),
('S1713', NULL),
('S1714', NULL),
('S1715', NULL),
('S1716', NULL),
('S1717', NULL),
('S1718', NULL),
('S1719', NULL),
('S1720', NULL),
('S1721', NULL),
('S1722', NULL),
('S1723', NULL),
('S1724', NULL),
('S1725', NULL),
('S1726', NULL),
('S1727', NULL),
('S1728', NULL),
('S1729', NULL),
('S1730', NULL),
('S1731', NULL),
('S1732', NULL),
('S1733', NULL),
('S1734', NULL),
('S1735', NULL),
('S1736', NULL),
('S1737', NULL),
('S1738', NULL),
('S1739', NULL),
('S1740', NULL),
('S1741', NULL),
('S1742', NULL),
('S1743', NULL),
('S1744', NULL),
('S1745', NULL),
('S1746', NULL),
('S1747', NULL),
('S1748', NULL),
('S1749', NULL),
('S1750', NULL),
('S1751', NULL),
('S1752', NULL),
('S1753', NULL),
('S1754', NULL),
('S1755', NULL),
('S1756', NULL),
('S1757', NULL),
('S1758', NULL),
('S1759', NULL),
('S1760', NULL),
('S1761', NULL),
('S1762', NULL),
('S1763', NULL),
('S1764', NULL),
('S1765', NULL),
('S1766', NULL),
('S1767', NULL),
('S1768', NULL),
('S1769', NULL),
('S1770', NULL),
('S1771', NULL),
('S1772', NULL),
('S1773', NULL),
('S1774', NULL),
('S1775', NULL),
('S1776', NULL),
('S1777', NULL),
('S1778', NULL),
('S1779', NULL),
('S1780', NULL),
('S1781', NULL),
('S1782', NULL),
('S1783', NULL),
('S1784', NULL),
('S1785', NULL),
('S1786', NULL),
('S1787', NULL),
('S1788', NULL),
('S1789', NULL),
('S1790', NULL),
('S1791', NULL),
('S1792', NULL),
('S1793', NULL),
('S1794', NULL),
('S1795', NULL),
('S1796', NULL),
('S1797', NULL),
('S1798', NULL),
('S1799', NULL),
('S1800', NULL),
('S1801', NULL),
('S1802', NULL),
('S1803', NULL),
('S1804', NULL),
('S1805', NULL),
('S1806', NULL),
('S1807', NULL),
('S1808', NULL),
('S1809', NULL),
('S1810', NULL),
('S1811', NULL),
('S1812', NULL),
('S1813', NULL),
('S1814', NULL),
('S1815', NULL),
('S1816', NULL),
('S1817', NULL),
('S1818', NULL),
('S1819', NULL),
('S1820', NULL),
('S1821', NULL),
('S1822', NULL),
('S1823', NULL),
('S1824', NULL),
('S1825', NULL),
('S1826', NULL),
('S1827', NULL),
('S1828', NULL),
('S1829', NULL),
('S1830', NULL),
('S1831', NULL),
('S1832', NULL),
('S1833', NULL),
('S1834', NULL),
('S1835', NULL),
('S1836', NULL),
('S1837', NULL),
('S1838', NULL),
('S1839', NULL),
('S1840', NULL),
('S1841', NULL),
('S1842', NULL),
('S1843', NULL),
('S1844', NULL),
('S1845', NULL),
('S1846', NULL),
('S1847', NULL),
('S1848', NULL),
('S1849', NULL),
('S1850', NULL),
('S1851', NULL),
('S1852', NULL),
('S1853', NULL),
('S1854', NULL),
('S1855', NULL),
('S1856', NULL),
('S1857', NULL),
('S1858', NULL),
('S1859', NULL),
('S1860', NULL),
('S1861', NULL),
('S1862', NULL),
('S1863', NULL),
('S1864', NULL),
('S1865', NULL),
('S1866', NULL),
('S1867', NULL),
('S1868', NULL),
('S1869', NULL),
('S1870', NULL),
('S1871', NULL),
('S1872', NULL),
('S1873', NULL),
('S1874', NULL),
('S1875', NULL),
('S1876', NULL),
('S1877', NULL),
('S1878', NULL),
('S1879', NULL),
('S1880', NULL),
('S1881', NULL),
('S1882', NULL),
('S1883', NULL),
('S1884', NULL),
('S1885', NULL),
('S1886', NULL),
('S1887', NULL),
('S1888', NULL),
('S1889', NULL),
('S1890', NULL),
('S1891', NULL),
('S1892', NULL),
('S1893', NULL),
('S1894', NULL),
('S1895', NULL),
('S1896', NULL),
('S1897', NULL),
('S1898', NULL),
('S1899', NULL),
('S1900', NULL),
('S1901', NULL),
('S1902', NULL),
('S1903', NULL),
('S1904', NULL),
('S1905', NULL),
('S1906', NULL),
('S1907', NULL),
('S1908', NULL),
('S1909', NULL),
('S1910', NULL),
('S1911', NULL),
('S1912', NULL),
('S1913', NULL),
('S1914', NULL),
('S1915', NULL),
('S1916', NULL),
('S1917', NULL),
('S1918', NULL),
('S1919', NULL),
('S1920', NULL),
('S1921', NULL),
('S1922', NULL),
('S1923', NULL),
('S1924', NULL),
('S1925', NULL),
('S1926', NULL),
('S1927', NULL),
('S1928', NULL),
('S1929', NULL),
('S1930', NULL),
('S1931', NULL),
('S1932', NULL),
('S1933', NULL),
('S1934', NULL),
('S1935', NULL),
('S1936', NULL),
('S1937', NULL),
('S1938', NULL),
('S1939', NULL),
('S1940', NULL),
('S1941', NULL),
('S1942', NULL),
('S1943', NULL),
('S1944', NULL),
('S1945', NULL),
('S1946', NULL),
('S1947', NULL),
('S1948', NULL),
('S1949', NULL),
('S1950', NULL),
('S1951', NULL),
('S1952', NULL),
('S1953', NULL),
('S1954', NULL),
('S1955', NULL),
('S1956', NULL),
('S1957', NULL),
('S1958', NULL),
('S1959', NULL),
('S1960', NULL),
('S1961', NULL),
('S1962', NULL),
('S1963', NULL),
('S1964', NULL),
('S1965', NULL),
('S1966', NULL),
('S1967', NULL),
('S1968', NULL),
('S1969', NULL),
('S1970', NULL),
('S1971', NULL),
('S1972', NULL),
('S1973', NULL),
('S1974', NULL),
('S1975', NULL),
('S1976', NULL),
('S1977', NULL),
('S1978', NULL),
('S1979', NULL),
('S1980', NULL),
('S1981', NULL),
('S1982', NULL),
('S1983', NULL),
('S1984', NULL),
('S1985', NULL),
('S1986', NULL),
('S1987', NULL),
('S1988', NULL),
('S1989', NULL),
('S1990', NULL),
('S1991', NULL),
('S1992', NULL),
('S1993', NULL),
('S1994', NULL),
('S1995', NULL),
('S1996', NULL),
('S1997', NULL),
('S1998', NULL),
('S1999', NULL);

--
-- Indexes for dumped tables
--

--
-- Indexes for table `student`
--
ALTER TABLE `student`
  ADD PRIMARY KEY (`student_id`);

--
-- Indexes for table `student_academic`
--
ALTER TABLE `student_academic`
  ADD PRIMARY KEY (`student_id`);

--
-- Indexes for table `student_family`
--
ALTER TABLE `student_family`
  ADD PRIMARY KEY (`student_id`);

--
-- Indexes for table `student_habits`
--
ALTER TABLE `student_habits`
  ADD PRIMARY KEY (`student_id`);

--
-- Indexes for table `student_lifestyle`
--
ALTER TABLE `student_lifestyle`
  ADD PRIMARY KEY (`student_id`);

--
-- Indexes for table `student_predicted_performance`
--
ALTER TABLE `student_predicted_performance`
  ADD PRIMARY KEY (`student_id`);

--
-- Constraints for dumped tables
--

--
-- Constraints for table `student_academic`
--
ALTER TABLE `student_academic`
  ADD CONSTRAINT `student_academic_ibfk_1` FOREIGN KEY (`student_id`) REFERENCES `student` (`student_id`);

--
-- Constraints for table `student_family`
--
ALTER TABLE `student_family`
  ADD CONSTRAINT `student_family_ibfk_1` FOREIGN KEY (`student_id`) REFERENCES `student` (`student_id`);

--
-- Constraints for table `student_habits`
--
ALTER TABLE `student_habits`
  ADD CONSTRAINT `student_habits_ibfk_1` FOREIGN KEY (`student_id`) REFERENCES `student` (`student_id`);

--
-- Constraints for table `student_lifestyle`
--
ALTER TABLE `student_lifestyle`
  ADD CONSTRAINT `student_lifestyle_ibfk_1` FOREIGN KEY (`student_id`) REFERENCES `student` (`student_id`);

--
-- Constraints for table `student_predicted_performance`
--
ALTER TABLE `student_predicted_performance`
  ADD CONSTRAINT `student_predicted_performance_ibfk_1` FOREIGN KEY (`student_id`) REFERENCES `student` (`student_id`);
COMMIT;

/*!40101 SET CHARACTER_SET_CLIENT=@OLD_CHARACTER_SET_CLIENT */;
/*!40101 SET CHARACTER_SET_RESULTS=@OLD_CHARACTER_SET_RESULTS */;
/*!40101 SET COLLATION_CONNECTION=@OLD_COLLATION_CONNECTION */;
